trial,action1,state,action2,reward,probsA,probsB,probsC,probsD,run
0,Y,X,D,0,0.4645767273977409,0.25292237713742843,0.7416192326272417,0.3868961810651225,0
1,X,X,F,0,0.4407659564876743,0.25,0.7366563095184979,0.36807843405060486,0
2,X,X,F,1,0.4345125496937125,0.2594837536565925,0.7214438785780384,0.40893794569254294,0
3,X,X,F,0,0.45272409361378546,0.25,0.7103504178738764,0.3512095429950428,0
4,X,X,F,0,0.43303026666315847,0.2666527853587171,0.694945675804323,0.33291378666985777,0
5,X,X,F,0,0.44545187354138605,0.29495388946540035,0.6690655101524842,0.33537185238852546,0
6,Y,Y,J,0,0.4459586173628087,0.2645760716729109,0.6885077350491463,0.3514354214263012,0
7,X,X,D,0,0.42939998637659726,0.25,0.6962035922283507,0.33693288034811114,0
8,X,Y,J,1,0.4578006022440311,0.25,0.6485340250385658,0.3238230928488937,0
9,Y,X,D,0,0.4317860402845507,0.25,0.6985532720755463,0.3099628045991339,0
10,Y,Y,K,0,0.43611496955926987,0.25,0.7174613917998558,0.3180428396140643,0
11,X,X,D,0,0.44786289531015283,0.2577144515842937,0.74798833681692,0.2916453903809879,0
12,Y,Y,J,1,0.43396238178675023,0.25,0.75,0.26337508924080794,0
13,Y,X,D,0,0.4152015385563861,0.25,0.7461421795869425,0.3221210941933278,0
14,X,X,D,0,0.43808710588025374,0.26236286908650336,0.7450951042191224,0.34077107909115567,0
15,Y,Y,J,1,0.423296793178162,0.31220370245186513,0.75,0.34538600060029867,0
16,Y,X,F,0,0.4122579288324595,0.29335983692460477,0.7484895579412066,0.3238010549063145,0
17,Y,X,F,0,0.450094211131176,0.28463382741017906,0.75,0.29585407565936966,0
18,Y,X,D,1,0.4260704332542199,0.28239947410615185,0.75,0.2797276404480046,0
19,Y,X,F,1,0.43131085093512755,0.2558762431428676,0.7319998807748247,0.27962578141617944,0
0,X,X,D,1,0.5426882987995012,0.7189063553997765,0.3771262402249679,0.3772925402955353,1
1,X,X,F,0,0.5292470850274706,0.7489910231935015,0.3608734130629357,0.37518800561422133,1
2,X,X,F,0,0.5183870323432539,0.75,0.35241170841091357,0.38109397327511013,1
3,Y,Y,J,0,0.5655708120941797,0.75,0.33271193823942824,0.4270752268518995,1
4,Y,Y,K,0,0.5389407654278141,0.7173009850989222,0.3142034612381533,0.4437019147336181,1
5,Y,X,F,1,0.5789331350385152,0.75,0.3218840942408717,0.4357546507585762,1
6,X,X,F,0,0.5848520485237404,0.7466258853978132,0.2970747339908223,0.4748555539343962,1
7,X,Y,J,0,0.6129759271110308,0.75,0.3018938067132658,0.4960217618934557,1
8,X,Y,K,1,0.5978354480308996,0.75,0.27816213647542554,0.48139468229145627,1
9,X,X,F,1,0.6057337224917321,0.75,0.2802596642046306,0.4861297756178604,1
10,X,X,D,0,0.5675503327506254,0.7421111561426861,0.3001392706627015,0.45690003369353194,1
11,X,Y,J,0,0.5452915795567969,0.7088151681264796,0.2744674618801803,0.44333512230545224,1
12,X,Y,K,0,0.5396975302962094,0.6813490043188896,0.268978762883241,0.4742990224951344,1
13,X,Y,J,0,0.5512436255397252,0.6810038297728591,0.2809483331987467,0.42921813178808405,1
14,X,X,D,0,0.5209290869453259,0.6503930526064224,0.2653829906917654,0.4854410709305894,1
15,X,X,D,1,0.5206893820365591,0.6260275797476773,0.3034480336270243,0.4963625943791773,1
16,X,X,D,0,0.5361042103641307,0.6351649600066083,0.3178963789852417,0.5229559739891417,1
17,X,X,D,1,0.5573841327179772,0.6101409883797708,0.329462268321206,0.5539814947969366,1
18,X,X,D,1,0.5895733103058612,0.6045803660536789,0.36621054931732633,0.590231833278239,1
19,X,X,D,1,0.5596254360314344,0.6052313917085962,0.3550229894872182,0.5673207454535559,1
0,X,X,D,0,0.31444352385612717,0.7159614376066168,0.39000924424044153,0.7381192407733946,2
1,X,Y,K,1,0.2811430614569746,0.6975718020400644,0.4028344235626761,0.7301006260360287,2
2,X,Y,K,1,0.26319537012729227,0.6819651422419638,0.3490771382997928,0.7036344678769361,2
3,Y,X,D,1,0.2842182395284612,0.6666888569163852,0.3427159231674282,0.7169992603485351,2
4,Y,X,D,0,0.27502482501741304,0.6906931266504428,0.3377208255890309,0.7130360369278106,2
5,Y,X,D,0,0.2796408019918831,0.7085259506941255,0.28327357184230645,0.7205983866558409,2
6,Y,Y,K,1,0.25,0.7171503476221534,0.2677908582705769,0.7066978272033493,2
7,Y,X,F,0,0.25549775379616885,0.7149432612326504,0.25,0.7153221078959782,2
8,Y,Y,K,1,0.25,0.6902229315131917,0.2740123822994307,0.75,2
9,Y,X,D,0,0.2538437008433013,0.7116811721219204,0.25084222483937585,0.75,2
10,Y,Y,K,1,0.25,0.7485907087463604,0.2703179595946605,0.75,2
11,Y,Y,K,1,0.25,0.713058254299027,0.2531840600384727,0.7339713565760392,2
12,Y,Y,K,1,0.25,0.7397778396297083,0.25,0.7388232813372912,2
13,Y,Y,K,1,0.25806049300099254,0.75,0.2522926577487138,0.75,2
14,Y,X,F,1,0.27300740501166537,0.7026677760739419,0.25,0.75,2
15,Y,Y,K,1,0.26222365245029405,0.7499450004642039,0.2734669292215777,0.7467454433179254,2
16,Y,Y,K,1,0.2791098685820171,0.75,0.27145193750086966,0.75,2
17,X,X,F,1,0.3113705366170857,0.75,0.30587738005930054,0.75,2
18,Y,Y,K,0,0.30458680450965214,0.75,0.3302677151756124,0.75,2
19,Y,Y,K,1,0.33715415598902204,0.7336370948722258,0.35203211793275857,0.75,2
0,Y,Y,K,1,0.39866144125506486,0.678809117253226,0.6995914689154418,0.4578210265299413,3
1,X,X,D,1,0.40217649762844854,0.7080116621310002,0.7022280105356745,0.4684212611818317,3
2,X,X,F,1,0.39093581165246033,0.7046886384470521,0.7349001939710746,0.4555502518825891,3
3,X,X,F,1,0.39256679099651065,0.7234095315653866,0.75,0.41525528679965384,3
4,X,X,D,0,0.3758227139695885,0.7188215520903471,0.75,0.407252870059942,3
5,X,X,F,1,0.33852800851134734,0.6858608573378034,0.705848136834303,0.4454793311782432,3
6,Y,Y,K,0,0.32172877575954156,0.6691727091162685,0.6793535642663846,0.4598922150883519,3
7,X,X,D,0,0.3045121511267331,0.6292113025331382,0.6942324560561257,0.44724719780194305,3
8,Y,Y,K,1,0.2819886443113699,0.5876476715066834,0.696526039563338,0.48510404602130675,3
9,Y,X,D,0,0.27681323848178335,0.5978805952007635,0.6898359157332175,0.44526857670824976,3
10,Y,X,F,1,0.2867883666973227,0.637914195402775,0.7047556849376215,0.44871620419203756,3
11,X,Y,J,1,0.2979158930598247,0.6449808087958712,0.6994836485522579,0.4532192202298627,3
12,Y,Y,J,0,0.2698837249853865,0.6227557997547166,0.6977630868722657,0.4205496753586039,3
13,Y,Y,K,1,0.25617440134351865,0.6462555961371149,0.6867658705785771,0.38209272124374416,3
14,X,X,F,0,0.2937534858310654,0.6828646319807536,0.6655694491962976,0.39155358658413025,3
15,Y,Y,K,1,0.27134143128484783,0.6701865539477354,0.6839753266848908,0.35832656932455054,3
16,X,Y,K,1,0.2563348526568647,0.6510210390647573,0.6924213233580645,0.418377689794894,3
17,X,X,D,0,0.2529151841910698,0.6636383261648015,0.7246270700453376,0.4310826037193491,3
18,Y,Y,K,0,0.29758234690914176,0.6446102578133787,0.6765458232770043,0.4230503505582071,3
19,Y,X,F,0,0.3012249686989448,0.6547286162481266,0.6270959326411384,0.4326290693496683,3
0,Y,Y,J,0,0.2863790344228352,0.6745456455458276,0.3641915092081311,0.5582324716111826,4
1,Y,Y,K,0,0.33386412274840643,0.6969330183898114,0.35523635369320333,0.5599048246063756,4
2,X,X,D,1,0.34306462596966436,0.7169360889739367,0.3828988682109302,0.5050963501739135,4
3,X,X,D,1,0.3564781470535642,0.6833533269385329,0.4145219457412804,0.4826013784298472,4
4,X,X,D,0,0.38650917616448643,0.6278780402030373,0.4122581445051063,0.5052199067095782,4
5,X,X,D,1,0.4317190358760603,0.5934796599284845,0.43943341683793485,0.5214020017708598,4
6,Y,Y,J,1,0.4227841308448036,0.5758492194934118,0.4739404186011141,0.5020066249260374,4
7,X,X,D,0,0.42082301147764306,0.6126046887443845,0.5008556077098001,0.4865750435582441,4
8,X,Y,J,0,0.41661563211617986,0.5883433208750876,0.4754968169796716,0.4834130727847377,4
9,X,X,D,1,0.3792582025876288,0.5893255986056913,0.46493606148222705,0.4474511600685936,4
10,X,Y,J,1,0.37527024295405487,0.5805443606316434,0.4814866342686018,0.40319359746915395,4
11,X,X,D,1,0.33763525098242764,0.6004560165565453,0.5518705326661856,0.4015931089336108,4
12,X,X,D,0,0.30842797913418735,0.6430441617898982,0.592055402199387,0.44260165574060367,4
13,X,X,D,1,0.32677703516931456,0.6582055389830335,0.6028823457405232,0.43135365885955806,4
14,X,X,D,0,0.304192729319547,0.6693778994468648,0.6437772425239889,0.4050477398942349,4
15,X,X,D,0,0.30530473415541626,0.6985559938628868,0.647600367349818,0.3822661628908955,4
16,X,X,D,0,0.29516264490589483,0.6983740783443517,0.6458950477941743,0.40097804810940785,4
17,X,Y,J,0,0.3317585133872447,0.6933226695512767,0.6233921836571273,0.43483704988207966,4
18,X,X,D,0,0.2957081485700977,0.7280048705608627,0.6337588044902966,0.367520055013024,4
19,X,Y,K,0,0.2727598613046921,0.7370917487417102,0.6551634036338755,0.36617055285363176,4
0,Y,Y,J,1,0.4951446877599739,0.5780939525154318,0.6187613910432148,0.6337749451452579,5
1,Y,Y,K,1,0.4815800997666527,0.5911802842508889,0.6166223240606677,0.6558273255000081,5
2,X,X,D,1,0.45844366579116685,0.6000856859254335,0.6099991890892377,0.6129163726681863,5
3,X,Y,K,1,0.4403474746113174,0.580013639753528,0.638785473209655,0.619665678080209,5
4,X,Y,J,0,0.461213216754252,0.5487167575551096,0.6236085283120144,0.6104703536347478,5
5,X,X,D,0,0.4369994755184283,0.5315438537415067,0.6376927578439379,0.6254430142552032,5
6,Y,X,F,1,0.4044421188341103,0.5832073196756848,0.6546022950754166,0.6412883819204783,5
7,X,Y,K,0,0.41886049354777005,0.5687201139330408,0.5968321201316078,0.6203950835805959,5
8,Y,Y,J,1,0.42919538730849655,0.5170022303768396,0.6023983592620116,0.6360527495243053,5
9,Y,Y,K,0,0.4366119172604846,0.4906057549143508,0.5778082390878098,0.6620217938077176,5
10,X,X,D,0,0.4540081672600087,0.5319896092341907,0.5674240379332343,0.6641054985244915,5
11,Y,Y,J,0,0.5033232401754069,0.5465828602936263,0.517087929459808,0.6654596533041945,5
12,Y,Y,J,1,0.4926398346122919,0.5691809154033627,0.524885186436098,0.680009141214471,5
13,Y,Y,J,1,0.47726388015887017,0.5584596374245339,0.5486260210078806,0.7024590949292022,5
14,X,X,F,0,0.4861158028147037,0.5452373931664465,0.5536859005270889,0.7164476783054599,5
15,Y,Y,J,0,0.5329148346292228,0.527844724199951,0.5729297662310656,0.6857339025333075,5
16,Y,Y,J,0,0.5509937103377192,0.5531751468862935,0.5888837358648251,0.7093074343163863,5
17,X,X,F,1,0.5327303523754066,0.5542253321025441,0.5832312992421032,0.6735487418744743,5
18,Y,Y,J,1,0.5463528222911834,0.5708491763081923,0.5901542389313107,0.6532767393732974,5
19,Y,Y,K,0,0.5868925314661991,0.5872706510336732,0.6184572936831696,0.7015552910181171,5
0,Y,Y,K,0,0.7133490605539807,0.645372723783971,0.33712460030441865,0.5068866922469439,6
1,Y,Y,J,0,0.700106430226566,0.6256795892903197,0.34013528097151235,0.5624792032913138,6
2,X,X,F,1,0.7086840693266168,0.5943610289780056,0.34775413751832673,0.5646423343881029,6
3,X,X,F,1,0.6905690543656935,0.6046883995037424,0.3566885640849077,0.5521648775110747,6
4,Y,Y,J,0,0.6909204146220609,0.5873861527370822,0.36060276726995283,0.5324368205740208,6
5,X,X,F,0,0.6715744272763116,0.5513713081262605,0.37275632215671806,0.5410442061637128,6
6,X,X,F,1,0.6424334601725938,0.5360514657467094,0.4020774753970064,0.5850977288730095,6
7,X,X,F,1,0.6409888014609316,0.5050426733237791,0.42994379912072456,0.5525675965192445,6
8,X,X,F,0,0.6212146509897879,0.5142890174447593,0.4343510581733617,0.5820098709061531,6
9,X,X,F,1,0.6244907212323629,0.5062824260769052,0.4207463278495293,0.5855960477188872,6
10,Y,Y,J,0,0.5840813578509872,0.515196726876913,0.37760937871846106,0.5969202039417908,6
11,X,X,F,1,0.5770597150655836,0.49790556635677435,0.34367951607604386,0.5871095186454119,6
12,Y,X,F,1,0.5579002336122381,0.4877204377183098,0.3472257504580366,0.580067161372037,6
13,X,X,F,0,0.5351818367086079,0.4608316988177702,0.3639875353800982,0.605254105618363,6
14,X,X,F,0,0.5066858430363488,0.48749359486586297,0.34418655136934734,0.6435711317106342,6
15,X,Y,K,0,0.5312480249618136,0.4983158497445078,0.3328069958843515,0.6546869771232058,6
16,X,X,F,1,0.5556882694478313,0.4761543613462227,0.33663901089680365,0.6208777575403752,6
17,X,X,F,1,0.6024894770060515,0.45986417355567344,0.37216530181095403,0.6217581894787602,6
18,X,X,F,0,0.6284645457479694,0.4490380908993678,0.39007310643402776,0.6086154990933048,6
19,X,X,F,1,0.6456158836142775,0.47893616042535875,0.41985135150540925,0.6157863940303022,6
0,X,X,D,1,0.5910885601766158,0.6436176899202646,0.6175411396991426,0.695757569121798,7
1,X,X,F,0,0.5789845090544732,0.6694571543658917,0.6173821389923446,0.7112616350372507,7
2,X,Y,J,0,0.540688524227593,0.7362887545207294,0.6148371319055453,0.738547237071674,7
3,X,X,D,0,0.5680451904918946,0.7495555387053108,0.6438676269771614,0.75,7
4,X,X,F,1,0.6178794456551665,0.7226419070366262,0.663584145232744,0.7398784424295894,7
5,X,Y,J,1,0.5859043427653119,0.75,0.6656562365978679,0.75,7
6,Y,X,D,1,0.5704651354860176,0.75,0.6446355510472663,0.75,7
7,X,X,D,0,0.5847720737660563,0.75,0.6610296883533177,0.75,7
8,Y,Y,J,1,0.5535291624065434,0.75,0.6322944423629906,0.7376791740979605,7
9,Y,Y,J,1,0.5571739248942268,0.7309643702500617,0.6009894233121663,0.71108748770191,7
10,Y,Y,J,1,0.5709204467292383,0.7405554113663528,0.6005496734313783,0.6831828475651612,7
11,Y,Y,J,1,0.5880891125106008,0.75,0.646503866291114,0.6803411233802037,7
12,Y,Y,J,0,0.6282683828166882,0.75,0.6006551468104744,0.7241065020624439,7
13,Y,Y,J,1,0.6504735631821781,0.719238879956374,0.5678001333201449,0.6942786756263262,7
14,Y,X,D,1,0.6300005692865398,0.7152143546349775,0.5485940090538564,0.7358558333112766,7
15,Y,Y,J,1,0.6878245968805918,0.7126167733166452,0.5725157506998603,0.75,7
16,Y,X,D,1,0.6682293792667887,0.690065245616869,0.5860998866201663,0.7325676674831316,7
17,X,Y,J,0,0.6733766939077371,0.708944468990689,0.5755494713382738,0.73345880357779,7
18,Y,Y,J,1,0.6517004308633547,0.75,0.5987514472707074,0.7213914920299836,7
19,X,Y,J,0,0.6612266145067817,0.75,0.5828944594636145,0.6892425604845344,7
0,Y,Y,K,0,0.557432174735867,0.382427435375746,0.7457671073439223,0.4609372787786473,8
1,Y,X,F,0,0.5687750112141825,0.325676220077316,0.7180590935358455,0.4479302527032387,8
2,Y,Y,J,1,0.5751494440675864,0.3296733108689651,0.7199773602724138,0.46611002854558153,8
3,Y,Y,J,1,0.5596162109901598,0.39602824818168336,0.6614897739907124,0.439430852005366,8
4,Y,X,F,1,0.5526414399997361,0.4177951959217052,0.6704997600590349,0.45626444639497016,8
5,Y,X,F,1,0.5623255604287047,0.4044250651581717,0.6283220380726177,0.44091066822868796,8
6,X,Y,K,1,0.555869506303694,0.39697720051939417,0.6582664926206809,0.4586322988195737,8
7,X,Y,J,0,0.5186032213316615,0.39029614490141606,0.6873990808727329,0.3969179753288606,8
8,X,X,F,0,0.5089973794132356,0.3985477658466579,0.6885189505125908,0.40357067215205017,8
9,X,Y,J,1,0.552676477299381,0.33735939124199643,0.7195000446764706,0.3734312239937154,8
10,Y,X,F,1,0.550056302123643,0.3181991997740416,0.75,0.3743756787560015,8
11,X,X,F,0,0.5597406147228854,0.3284076722904842,0.7363001016086655,0.33281067748907456,8
12,Y,Y,J,1,0.5812120000135721,0.32941358167110435,0.7462120255769109,0.3256474680093416,8
13,Y,Y,J,1,0.5948395138891734,0.3273964244581935,0.7347192020723632,0.3100844586288997,8
14,Y,Y,J,0,0.5683583538484372,0.3694467443265584,0.75,0.3236359172729094,8
15,Y,Y,J,1,0.5788859697339811,0.3719888048364022,0.75,0.3254941051815191,8
16,Y,X,F,1,0.507356689627195,0.3281973136605358,0.75,0.3240572946031986,8
17,X,X,F,1,0.5005501797326208,0.3208035109891791,0.75,0.35213159618874584,8
18,Y,Y,J,0,0.4987118213820186,0.3292478803991563,0.75,0.33905433577406596,8
19,X,X,F,0,0.48099806323928346,0.30753835144623587,0.7088262940243517,0.32763291642781234,8
0,Y,Y,K,1,0.2552731741893181,0.3472862626828135,0.44668656156710534,0.4494439457742119,9
1,X,X,F,1,0.25,0.33700862533951126,0.42931648147423646,0.44880635218442644,9
2,X,X,D,0,0.25,0.3469404128731617,0.4723859935180501,0.4622309025674263,9
3,X,X,D,1,0.25,0.3310497721710735,0.49469348845727584,0.45440483246647223,9
4,Y,Y,K,1,0.27907809330594047,0.3420984107854359,0.5284628361106816,0.4436919215296902,9
5,Y,Y,K,0,0.2605484498534644,0.4003938861464202,0.5188354221042679,0.4219123064856759,9
6,X,X,D,1,0.26619756659843274,0.44123066865891974,0.5481378646790533,0.44434268856430154,9
7,X,X,D,0,0.26853272254024996,0.43265376432177644,0.5901373924343365,0.4289306523328293,9
8,X,X,F,1,0.263244096816886,0.45634886367189453,0.6147942386935208,0.44135123297068235,9
9,Y,X,F,1,0.25,0.45496068078081314,0.5734565499599171,0.4082654558388951,9
10,Y,X,F,1,0.25,0.4546311305682881,0.5821693419769731,0.3540889954772031,9
11,X,Y,K,1,0.287244152850079,0.47595703240611015,0.5582210954051429,0.3429166034601114,9
12,X,X,D,0,0.26852870837598497,0.44144424910299623,0.577380023892963,0.34525118887762085,9
13,Y,Y,K,1,0.31540037191511006,0.42934288483482763,0.6070205364766077,0.3621986844921642,9
14,Y,Y,K,0,0.33136183131317465,0.39957072283259365,0.6205234874323639,0.37395336265480345,9
15,Y,X,F,1,0.2942796315810511,0.4548323498224774,0.6315726970976892,0.3157228167656378,9
16,Y,Y,K,0,0.2787444577410068,0.48477391477340065,0.6651901822108574,0.31898049721487604,9
17,X,X,F,1,0.34151210626538364,0.5020602538544043,0.6793813105918471,0.31537952956053367,9
18,X,X,F,0,0.367325785348692,0.49458968057656333,0.6441187018519003,0.32587833585451464,9
19,Y,X,F,0,0.3565828877598538,0.48183230642875263,0.6429845697245569,0.32297014174717603,9
0,Y,Y,J,0,0.4433645592841461,0.7186653387902897,0.2813359140889611,0.49690586921783875,10
1,Y,Y,K,1,0.4279901698977395,0.696148328205599,0.25,0.5013985812072639,10
2,Y,Y,J,1,0.41282974000981765,0.6758015385661181,0.25,0.4626973256830875,10
3,Y,X,F,0,0.41929979132162243,0.6894563035989232,0.29524480863370806,0.43128699506112594,10
4,Y,Y,J,0,0.4347589195304021,0.6551251972228628,0.29546161968480683,0.41924729118042164,10
5,Y,Y,K,1,0.4104483302080474,0.6677632937038649,0.3240097725233663,0.38468913394060866,10
6,Y,X,D,0,0.4027688697913693,0.6664040676949532,0.2864392367520561,0.40772623343766273,10
7,Y,X,F,1,0.33196798019824125,0.6676264253969243,0.2631581898928302,0.4371391161832119,10
8,Y,Y,K,0,0.3455825116253833,0.6895474334282535,0.2784551683818475,0.4292701530498762,10
9,X,X,D,0,0.3545411651907159,0.7171175911788665,0.29176851948581467,0.4280404592882618,10
10,X,X,F,0,0.41961787558693586,0.7018006673854613,0.329468069155716,0.42017049233815384,10
11,Y,X,F,1,0.4144083515441329,0.6426257029567002,0.3743103355366587,0.44183473225910863,10
12,X,X,F,1,0.42001251625503244,0.6254803775371595,0.3455335446753229,0.48766968034908686,10
13,X,X,F,0,0.44273685918505246,0.6705888968063426,0.3790928792598316,0.5084462988491258,10
14,X,X,F,1,0.44784480146437533,0.6842632495388314,0.3568420526036777,0.5058923024620303,10
15,X,X,F,1,0.4551066168903787,0.6617739419651313,0.36816335948901735,0.4760163035480534,10
16,X,X,F,1,0.4868953383913985,0.6296271353825512,0.3377165163036183,0.500663589738167,10
17,X,X,F,0,0.4961192704699878,0.6025332478821981,0.27475626791255825,0.48088382252641165,10
18,X,X,F,1,0.4958556631521752,0.6461733307753144,0.2661291278608829,0.47035223849462604,10
19,Y,X,F,0,0.48720906822072746,0.6216000577525952,0.2658280738980484,0.45311853581806943,10
0,Y,Y,K,1,0.3862320907461535,0.4009442636632208,0.5125627871726234,0.35600572900918964,11
1,X,X,D,1,0.3884619797110971,0.4106944688004281,0.5072066990424372,0.3264049426469195,11
2,X,Y,J,0,0.3824700678502748,0.4567470757370521,0.48985622496847747,0.33731132469737896,11
3,Y,Y,K,0,0.39043922325932773,0.46231055131250354,0.5026219952418542,0.36988046270030006,11
4,X,X,F,0,0.3602522594515412,0.4555461963137721,0.491977795011286,0.34967389790311176,11
5,Y,Y,K,0,0.3624483497903176,0.46139369701138416,0.47122996238994047,0.37193542118652156,11
6,X,X,D,0,0.36819996730509835,0.4854474019033462,0.4472961430530113,0.40113136979056496,11
7,Y,Y,K,0,0.3690900214111534,0.5088043029168817,0.4504314020874944,0.41252122855581086,11
8,Y,Y,J,1,0.37712298955657103,0.5084838574634817,0.44110195898829546,0.4007380628439095,11
9,Y,X,D,0,0.3439733862232051,0.4845452882265987,0.47601751387958263,0.4054422910152964,11
10,Y,Y,J,0,0.3719743292033174,0.42210167148847877,0.49590679799843124,0.4259135189175063,11
11,Y,Y,J,0,0.3527316301374914,0.43252189880656927,0.4571740405472132,0.4399747886834913,11
12,Y,Y,K,0,0.34346095808122995,0.4403549320330033,0.4387206045249667,0.4344168490331062,11
13,X,X,D,1,0.3024528561513958,0.42341628770133316,0.46827275739997964,0.4544376803456334,11
14,X,X,D,0,0.3071241658060102,0.407997659879801,0.43724597224133155,0.4889182961678423,11
15,X,Y,K,0,0.30950718378248476,0.4177233027056578,0.44842697660833175,0.4623802305101603,11
16,X,X,D,1,0.2975460935631119,0.41037054707828635,0.43635959166801286,0.4971914073013123,11
17,X,X,D,0,0.28523431239416114,0.3837389747199361,0.4422875772259675,0.5117194797931591,11
18,Y,X,D,0,0.26650077853010934,0.35507383212448246,0.4620327707404944,0.5149954443582029,11
19,X,Y,K,0,0.28328368929267345,0.29986993058162253,0.4911331550895778,0.5462674165851651,11
0,X,X,D,1,0.40323559934829833,0.4101436025099902,0.5667321055589167,0.4391142074457648,12
1,X,X,F,0,0.3949003203505876,0.43449032772409457,0.6021819545839338,0.47403017849117557,12
2,X,Y,J,0,0.3973225983235898,0.4868933409391972,0.575389003504572,0.4302517987813591,12
3,X,Y,K,1,0.40878622361177885,0.48181886439027,0.5378815968553485,0.42531081683028915,12
4,X,X,D,0,0.40573176739388717,0.5631595671552648,0.5065837171920355,0.40332110183760295,12
5,Y,Y,K,1,0.4208888269242025,0.5419142151715205,0.46352756185621646,0.41157497990170416,12
6,Y,Y,K,1,0.4159478945889385,0.5547962578402836,0.4854139089876081,0.42845637632040123,12
7,Y,Y,K,0,0.3960740222725453,0.5396561732369917,0.4584876119332953,0.4439109584444473,12
8,X,X,D,0,0.41235066146392696,0.5379899766209514,0.45435722703159837,0.45653794494435906,12
9,Y,Y,K,1,0.3963313797552342,0.5156140135311384,0.5054266809858365,0.4580670909095028,12
10,Y,Y,K,0,0.3742539138056372,0.5564892502976649,0.45266964916987057,0.44629778542106024,12
11,Y,X,F,1,0.37238190317024805,0.5393704088482172,0.4829848609688319,0.40692987935761893,12
12,Y,Y,K,1,0.38136784910616245,0.5636712101301723,0.46687455580495363,0.39632343890093846,12
13,Y,X,D,1,0.3995554384520742,0.5236668952204432,0.4552825515791817,0.3897631436282617,12
14,Y,X,F,1,0.3978072181947185,0.4889630201321969,0.43200846470317555,0.400953791959177,12
15,X,X,F,1,0.415385710172603,0.5083246010631368,0.4682174766028492,0.36299937331413573,12
16,Y,Y,K,0,0.41639276024959687,0.5071960017613072,0.4555563544412568,0.32971145572651767,12
17,X,X,F,1,0.40518749455419745,0.49209144818791695,0.4434889499251349,0.3650687731010451,12
18,Y,Y,K,1,0.37696077196573646,0.4841921619366651,0.4474293697254519,0.3579939683591951,12
19,Y,X,F,1,0.3655314914586676,0.4553728279444142,0.4642509017385472,0.38835243242099626,12
0,X,Y,J,0,0.46186854184484016,0.3607500881809716,0.4993911400923062,0.5899569910979843,13
1,Y,Y,J,1,0.45250521858860154,0.38369709935565816,0.5111222740264612,0.6134995853161835,13
2,X,X,F,0,0.44666214923888836,0.36659003427562914,0.4823122440904568,0.6067831851153622,13
3,Y,X,F,1,0.4418924183611366,0.4358967095020798,0.5195706187702034,0.5859826114417073,13
4,Y,X,D,1,0.4178892237965433,0.42836109670725925,0.5421859057088798,0.6235795700592722,13
5,Y,Y,J,0,0.39888998311554097,0.39881248877160175,0.5407523763593006,0.602842167415125,13
6,Y,Y,J,0,0.40225469723570056,0.36346270274835346,0.5399534508153887,0.6282981962269105,13
7,X,X,D,1,0.39504032008632345,0.3583490802742286,0.5433412840175237,0.6202707419584769,13
8,X,Y,K,1,0.4113117289768698,0.36673614169661084,0.5091541830805281,0.644303680359663,13
9,X,X,D,0,0.4664836710463806,0.3995111700484654,0.49333589717360365,0.6476346159340601,13
10,Y,Y,K,0,0.5053313844673898,0.4152354049145196,0.5079992624649243,0.625409049510768,13
11,X,X,F,0,0.5131439997638559,0.4156012922721118,0.4950579562773649,0.5916759549042955,13
12,X,X,D,1,0.48987842136193266,0.4169507691251612,0.5191325740655753,0.5843449037903868,13
13,X,X,D,1,0.48902307091265207,0.4304608637350943,0.5177266623228521,0.5900747033056162,13
14,X,X,D,1,0.49380520549238727,0.4441999678111666,0.5060907537016851,0.5915516162009088,13
15,X,Y,K,0,0.5067686425701147,0.4202555026507318,0.5556168902976981,0.5809423009385543,13
16,X,X,D,0,0.5091663982111585,0.4055840759980662,0.5776819157811872,0.5955070227990777,13
17,X,X,D,1,0.4940350299178703,0.44959364486875764,0.608828133555426,0.6167531649598573,13
18,X,Y,J,1,0.5035154756485956,0.3922084172522334,0.5936470249192622,0.5995716480841337,13
19,X,X,D,1,0.4997702235971233,0.4306210132847631,0.5949381233699804,0.6673259705764708,13
0,Y,Y,K,1,0.254538048591495,0.6984595346881314,0.31296160949116464,0.3637225509049493,14
1,X,X,D,0,0.27094742856489856,0.7057550276348433,0.32990116965286065,0.3752054407448623,14
2,X,X,F,1,0.26425437753849607,0.6827112183812811,0.36145921292095995,0.32033414595150844,14
3,Y,X,D,0,0.2944321499714787,0.6319784182623995,0.36434559866877,0.30297253807064106,14
4,Y,X,D,0,0.2521321066993758,0.6063941600252764,0.396464546987162,0.3126733851364702,14
5,Y,Y,K,0,0.2569728130536769,0.6193125191701966,0.4143933192591434,0.32701733730395893,14
6,X,X,F,1,0.25,0.6111783961107643,0.4084022533599342,0.3441142327853601,14
7,Y,Y,J,0,0.26025830313751314,0.6381675737330241,0.45279139094164067,0.3426939721031345,14
8,X,Y,K,1,0.2826834051094459,0.6376520906301416,0.42501904259976514,0.3241969219896006,14
9,X,X,F,1,0.2783128935500166,0.6245800395106819,0.4773425032278359,0.30425561470824425,14
10,X,Y,K,1,0.25,0.6929904685433087,0.48052692271168634,0.32006935424818334,14
11,X,X,F,1,0.25,0.6744124609151537,0.4592776507257857,0.26080895451465164,14
12,X,X,F,1,0.2841505711545391,0.7304963245878688,0.4643778089960236,0.25,14
13,Y,Y,K,0,0.3004866190245429,0.7167968825295886,0.4171230630308311,0.2701866161827548,14
14,Y,Y,K,0,0.2893528418894103,0.729512610215474,0.4002849610005673,0.2741729470037097,14
15,X,X,F,1,0.27855643270022634,0.7391728644912426,0.4074696355002858,0.3143832442647644,14
16,X,X,F,1,0.25,0.7324101382721846,0.391123631524538,0.32692886019861345,14
17,X,Y,K,0,0.25,0.7074155799988285,0.3620899021743321,0.37692702853516524,14
18,X,X,F,1,0.2539521789758568,0.7224712079211761,0.4000811995741732,0.35680929327283256,14
19,Y,Y,K,1,0.2619199072538426,0.7228141370293449,0.40963804642659496,0.380233416634638,14
0,X,Y,K,0,0.33481055291637857,0.6577618806662775,0.732797623135653,0.43024486164402137,15
1,Y,Y,J,1,0.3573098297041289,0.6308200450779028,0.7279048146379656,0.4418785098270029,15
2,X,X,F,1,0.35755901802766316,0.60456468462337,0.75,0.44873327255315126,15
3,X,X,D,1,0.38544404832894713,0.5853810638792329,0.75,0.4227267204070933,15
4,X,X,D,0,0.406376670708219,0.6077139552607231,0.75,0.41333103789092546,15
5,X,X,D,0,0.3788593617598525,0.5660278967776293,0.75,0.41718086955893807,15
6,Y,Y,J,0,0.4331788854946006,0.5075838204415856,0.75,0.411969261204159,15
7,Y,Y,J,0,0.42827673741516503,0.517108773578195,0.75,0.4053706685695958,15
8,Y,Y,K,0,0.4050918740736307,0.5428587861352295,0.75,0.3933103524841458,15
9,X,Y,J,0,0.3992984718741505,0.48690329490142825,0.6881917913126882,0.4033329278373008,15
10,X,X,D,0,0.3548949441283144,0.4414712024918817,0.7172913190415611,0.40036642745610534,15
11,X,Y,K,0,0.3659338214523717,0.458232350782287,0.7140262400571125,0.3730044086938114,15
12,Y,Y,J,0,0.3506450412326986,0.45343566605781516,0.7180597118643449,0.37959270072912454,15
13,X,X,F,0,0.31902696114829415,0.4331811534911596,0.7134052883963193,0.3677021579162084,15
14,X,X,D,0,0.35312441048318904,0.42432042695766375,0.7214382533273924,0.3873833750901737,15
15,X,X,F,0,0.3405094984932113,0.4472641724215804,0.7259800785165963,0.3954234926272549,15
16,Y,Y,J,1,0.3465970890529836,0.41464525696130705,0.7250432644024793,0.39638248583865937,15
17,X,X,D,1,0.37463983808313805,0.4155531274403518,0.7106779762499255,0.38812555703808477,15
18,X,X,D,0,0.29965153447546466,0.39548506669189104,0.7093288186286962,0.363769015106778,15
19,Y,Y,J,1,0.3002702862803468,0.41149484710613504,0.7300964389327061,0.37621477846474954,15
0,Y,X,D,0,0.3319887193980854,0.27355477332301853,0.5663808767934478,0.6389863333946022,16
1,X,X,F,1,0.3200065055940544,0.28230181976772517,0.5946227833314112,0.6587597966931006,16
2,X,X,D,0,0.31404344310817517,0.2761419065462729,0.5981072110696142,0.6982350113287411,16
3,X,X,F,0,0.3054567887008909,0.2609469795553488,0.5489887659929528,0.6973034723887486,16
4,X,X,F,0,0.2798343385707548,0.255290588462074,0.5236884941676974,0.7162742964520312,16
5,Y,Y,J,1,0.2921904799974872,0.2684994270048678,0.5645768145143182,0.75,16
6,Y,Y,K,1,0.3222026824898397,0.25838790431811975,0.5195099090106576,0.75,16
7,Y,Y,J,0,0.28836858497321,0.25,0.5503544480438061,0.7422661707467278,16
8,Y,Y,J,1,0.275419038677452,0.25,0.5823632890935441,0.75,16
9,Y,Y,J,1,0.25,0.26561340623853397,0.5540185321818694,0.75,16
10,Y,Y,K,1,0.26349919739674027,0.25,0.5399788803561181,0.75,16
11,Y,Y,K,1,0.25,0.2612756518367806,0.5198015212988959,0.6927296055378398,16
12,Y,X,F,0,0.3225328603487409,0.25,0.5524830056489882,0.6528758900035909,16
13,Y,Y,K,1,0.2957966747701211,0.28043624329161293,0.586231132089443,0.6670136528982935,16
14,Y,Y,K,1,0.3163917675845757,0.29212378437816205,0.5746217511377391,0.6902662247111598,16
15,Y,Y,K,1,0.30583854490572804,0.2778506556104771,0.5722841766058488,0.6891965560408835,16
16,Y,Y,K,1,0.2814028353715005,0.29843244248367845,0.5605708740753627,0.7076597382318601,16
17,Y,Y,J,0,0.30192496765456467,0.2785801946867869,0.5572793546779728,0.6813601812061211,16
18,Y,X,F,1,0.3178878454057065,0.25,0.5416047599939855,0.6598050772955907,16
19,Y,X,F,0,0.31637647031941185,0.25,0.48738348136797843,0.6205147442543253,16
0,X,Y,K,0,0.38304008192075895,0.3894462041338915,0.4903322943171154,0.4848713934994563,17
1,Y,X,F,1,0.4128852429605498,0.39049038407874953,0.5183524739140689,0.5083504470450085,17
2,X,X,F,0,0.41911078590596046,0.4032398316130179,0.5074359726395277,0.5179778926000915,17
3,X,X,D,1,0.4445102433050187,0.36433518303796264,0.5016109530030648,0.501552978119037,17
4,X,X,F,1,0.43937489263621216,0.3770493851587322,0.5382865426465482,0.47256651355150486,17
5,X,X,F,0,0.4097432523557466,0.3579987283341481,0.57890354321233,0.49351120253994124,17
6,X,X,D,1,0.41253071751443204,0.3718662916314687,0.5858546395749866,0.46221249040902546,17
7,X,X,D,0,0.38312252161920096,0.4210065557082797,0.6321882018176382,0.44261525068862717,17
8,Y,Y,J,1,0.370834206983511,0.4279767032663134,0.6302675978801945,0.44815927241258735,17
9,Y,Y,K,0,0.34489127423439464,0.40079721998416656,0.6211544009015424,0.4385795271159538,17
10,X,X,D,0,0.3615594965015827,0.3947037052709699,0.6509470712970549,0.4575400161595052,17
11,X,X,D,0,0.3509201370605091,0.3987337477723723,0.6316268247709029,0.48092693026075006,17
12,Y,Y,J,0,0.34901449650239996,0.38458044320522483,0.6333427154650597,0.471696133798066,17
13,Y,X,F,0,0.3423048708408901,0.374490865726067,0.6140830120042565,0.4923466977838546,17
14,X,X,D,1,0.36533848057922175,0.38862984539398004,0.6180127267369299,0.48140186531059737,17
15,X,Y,J,0,0.3719241331697156,0.38367764041239544,0.6357051994049563,0.48633572154210464,17
16,X,X,D,0,0.3722036672227629,0.39085077116071976,0.624495958232319,0.47764730422471835,17
17,X,X,F,1,0.36188899442903527,0.38723988728948977,0.6375796815179966,0.45483628218717165,17
18,X,Y,J,0,0.3331978057246839,0.41593622281409337,0.6204738177341752,0.4260946672104585,17
19,X,Y,J,0,0.39519830819482976,0.4088401084474474,0.6479716206593941,0.4526659755699079,17
0,Y,Y,K,0,0.6838858090167608,0.7206383211269087,0.2859097572612597,0.3792852302192274,18
1,Y,Y,J,0,0.6713186662296868,0.7327721999432425,0.31102715575933576,0.43572321825722654,18
2,X,X,D,1,0.6573857143409253,0.75,0.2870087349421686,0.45123751831623754,18
3,X,X,D,1,0.6729000679930865,0.7268739638817724,0.2867356503229363,0.43155247441441963,18
4,X,X,D,1,0.6877966715817069,0.6890389639395342,0.3190092425789019,0.4512640288197234,18
5,X,Y,J,0,0.6882639325891018,0.6724855556895211,0.3426610590214877,0.44280144577132086,18
6,Y,X,F,0,0.6897261455124506,0.6730134814978851,0.32429527610287434,0.436337979270857,18
7,X,Y,K,1,0.6947419778363112,0.6920466568713477,0.33599636718502635,0.4313046516080996,18
8,X,X,D,0,0.6927951968470316,0.6640643243397999,0.2975840463345155,0.4242923702298482,18
9,X,Y,J,0,0.725829860680597,0.7155377674266674,0.31595510050765485,0.4425877787216025,18
10,X,X,D,1,0.7194752968673622,0.7333991199686707,0.3014550324762252,0.4263488395972078,18
11,X,X,D,1,0.724650259275282,0.7151376583989945,0.25411678897079926,0.3944923593477561,18
12,X,X,D,1,0.7290601145588856,0.7284934668760169,0.2793300719887832,0.3801509281369119,18
13,X,X,D,0,0.7149584118836677,0.7106390240031832,0.265226957184939,0.3892584415565527,18
14,X,X,D,1,0.7086382488715588,0.739544526953916,0.2610763469780883,0.38511946421666254,18
15,X,Y,K,0,0.7156406416485857,0.7342885305709356,0.2520438167430918,0.39457683622426243,18
16,X,X,D,1,0.7040216167101974,0.7271214675869646,0.25,0.43782553391910894,18
17,X,Y,K,0,0.6900406822776548,0.7461280327084993,0.25,0.49118733266570525,18
18,X,Y,J,0,0.6744616344481169,0.7391825647270971,0.25,0.5021097575797054,18
19,X,X,D,1,0.6712911354006554,0.7429103643687464,0.2765084946384612,0.4535717745188162,18
0,Y,Y,K,0,0.28688465418008907,0.2833032102113163,0.6211278877427833,0.41865536285448807,19
1,Y,Y,J,1,0.3113927767769405,0.29483189397055476,0.5891420287047165,0.4137026721408549,19
2,X,Y,K,1,0.3489074026131864,0.317379215373092,0.5803224957102864,0.3961612874859547,19
3,X,X,F,0,0.3374593658596275,0.3200480105260714,0.5792061668865288,0.3792623538402933,19
4,X,X,D,0,0.3568868473750474,0.2988075431477136,0.5936578292333077,0.3588576290666243,19
5,X,X,F,1,0.30137086214284087,0.2929019394746456,0.6006681162517505,0.3489708571072633,19
6,X,X,F,0,0.3084991213800917,0.2922423217206583,0.6157450080744421,0.38485839546602085,19
7,X,X,F,0,0.3633800713579539,0.29014908867638184,0.6146951193274273,0.4089171933093255,19
8,Y,Y,J,0,0.37266500738087827,0.26989039276817556,0.5988693237953521,0.40977364501470304,19
9,X,X,D,0,0.38002593554162417,0.3003196412717014,0.5683910605369091,0.4248621371207128,19
10,X,Y,J,0,0.35483898810007675,0.31262231655026546,0.5420500036919573,0.4461205902547058,19
11,X,Y,J,1,0.29670308873911017,0.3215844625857126,0.5288450230932652,0.4225022741603265,19
12,X,Y,J,0,0.3008077824210729,0.28971793732362533,0.5852374792056168,0.4363733103314615,19
13,Y,X,F,1,0.29185072725981986,0.30227963843736705,0.6121995878282657,0.4019076296459424,19
14,X,X,F,0,0.2661144489526517,0.3253535490177706,0.6153538744977897,0.41490427089433213,19
15,X,X,F,0,0.300984059975923,0.32509276890568023,0.6177901085317211,0.38603490439408145,19
16,Y,X,F,0,0.2952495126592529,0.3163183333000399,0.6132297035412535,0.3781222319692104,19
17,Y,Y,K,0,0.28364105221737423,0.30865560910559103,0.6173185313359848,0.3870684475702415,19
18,Y,Y,J,1,0.2730351843379783,0.3184611610792887,0.6685242585314379,0.37653164670728073,19
19,Y,Y,J,1,0.2944712854865885,0.3137509128968719,0.6628124099726633,0.39303732882056835,19
0,X,X,D,1,0.5679657817730976,0.3927334499750364,0.6884578856177035,0.3445079154004845,20
1,X,X,F,0,0.5607114659826545,0.4140338006761734,0.6731227371492858,0.3202699250283658,20
2,X,X,F,1,0.6147205961196901,0.3953489778560399,0.6476306241986688,0.3073656211212611,20
3,X,X,D,0,0.6445802908570294,0.35551881647448186,0.6593144412944724,0.30704446065911145,20
4,X,Y,K,0,0.6777394151685467,0.3296676902371934,0.6255318671430066,0.3260104647912089,20
5,X,Y,J,1,0.7164585441694555,0.2894651861160751,0.5953113661437748,0.26901087239905586,20
6,Y,X,D,1,0.7084334516270175,0.2678298518548422,0.5899338997933717,0.25,20
7,Y,Y,J,1,0.7114353101205542,0.2698192609405392,0.5874581289640595,0.2745598314944679,20
8,X,Y,J,1,0.7209373686880148,0.25,0.607424950785994,0.2694406697103298,20
9,Y,Y,J,1,0.7478491093333142,0.25,0.6148328722378744,0.31370895161917445,20
10,Y,Y,J,0,0.75,0.25,0.617793651286485,0.32544134821181614,20
11,Y,X,D,1,0.75,0.25,0.6107872382169784,0.3326463491783989,20
12,X,Y,J,0,0.7351679296217389,0.25,0.6166621891746001,0.35599480446007103,20
13,X,Y,K,0,0.7411662848854383,0.25,0.6230407809480346,0.3273777595037606,20
14,X,X,D,1,0.7157872806007706,0.25,0.676430210468047,0.2983476511380586,20
15,Y,Y,J,0,0.700111587980357,0.25553935075623574,0.679077720474451,0.28656880603828366,20
16,Y,Y,J,1,0.6861613263638694,0.25,0.6565895578902944,0.28775938041244475,20
17,Y,Y,J,1,0.6984500308504987,0.25,0.6451711996303895,0.3351127231670367,20
18,X,Y,J,0,0.6736548024507296,0.25,0.6593571775606355,0.3265331163423494,20
19,Y,Y,J,0,0.6622829311791883,0.25,0.6065770925602945,0.36427839545883595,20
0,Y,Y,J,1,0.6359993081516866,0.5385287857546779,0.4566116505560233,0.4749780087788449,21
1,Y,Y,K,1,0.6402773038269857,0.5566883373236989,0.4487256235869296,0.5159204701153007,21
2,X,X,D,1,0.6623366187022555,0.5634531215894863,0.46637786949748916,0.5164852005949064,21
3,X,Y,K,0,0.6107080390393282,0.5474810165725491,0.458255395073384,0.4868678251377749,21
4,X,X,D,0,0.5980013180138577,0.5563031288769916,0.43007965245195534,0.5029140668398208,21
5,Y,Y,J,0,0.5897375897577223,0.567305438004421,0.4391459367642182,0.5767700962027326,21
6,X,Y,K,0,0.5818798769578862,0.5568598036264268,0.4108034103276623,0.5690641337120381,21
7,Y,Y,J,0,0.5774410694018067,0.5884407060991683,0.4266652042151483,0.5372581895491396,21
8,Y,Y,J,1,0.6004119387284242,0.6218354331091606,0.46160167194714985,0.584866160989356,21
9,Y,Y,K,0,0.558263276544724,0.5811945372042833,0.44989476286831875,0.5976821073326162,21
10,X,X,D,1,0.5971852394827716,0.5898947276441046,0.43690564924007,0.5560439716829076,21
11,X,Y,J,0,0.562555624860957,0.6086186624427985,0.46508759667855903,0.5728095477133922,21
12,X,X,D,1,0.5902284447263585,0.5806368508349788,0.4573221825447404,0.509258068203885,21
13,X,Y,J,1,0.5338278765814398,0.5706134867151467,0.4779384873384489,0.5274776738663047,21
14,X,X,D,1,0.5400842264706792,0.5674643160136548,0.47698825208938217,0.5137039606091683,21
15,X,X,D,0,0.5074884738959131,0.6028064620485599,0.47107994833201744,0.4896559376197111,21
16,X,X,D,0,0.4980415610821779,0.605996291277106,0.42686177084657334,0.46304779213327085,21
17,Y,Y,J,1,0.4763477302965469,0.5725440807908951,0.4256818452179418,0.4622082499044822,21
18,Y,X,D,0,0.4776634974686544,0.5589225057108058,0.4495295363021013,0.4704040927838056,21
19,Y,X,F,0,0.5081544047674983,0.5453296017549402,0.4874129347176138,0.4101667315106168,21
0,X,X,D,1,0.6780832357041946,0.37235918365010484,0.27512738034459805,0.374092719995637,22
1,X,X,F,0,0.6987934222836438,0.3396198846312135,0.25,0.35814393144133927,22
2,X,X,F,0,0.7109318683327822,0.36059035218054697,0.2714652465222153,0.37546807535359905,22
3,Y,Y,J,0,0.7170867560207348,0.37105262998866545,0.25,0.35747139428335684,22
4,Y,Y,K,1,0.6960825763049882,0.37259522585926297,0.27854228322197244,0.3353191084650213,22
5,Y,Y,J,0,0.6870476481068365,0.3706697642345173,0.2845228984781777,0.3008197693159874,22
6,X,X,D,1,0.6785150198326251,0.37349462998037375,0.31702618744329863,0.29198906210768616,22
7,X,X,D,1,0.6615621108261761,0.38012925896883304,0.3299789378699314,0.25,22
8,X,X,D,1,0.6684751493775404,0.3632590386360615,0.3230786445651421,0.25,22
9,X,Y,K,0,0.6490399363165977,0.3333778670094408,0.34061022959396164,0.2609492109288325,22
10,X,X,D,1,0.6661873311212081,0.28651119535237485,0.3290717984735077,0.25,22
11,X,X,D,0,0.6794449420795049,0.26559371077327654,0.3370843097141551,0.25,22
12,X,X,D,1,0.7092328134367136,0.25,0.3375030374978796,0.257520177293025,22
13,X,X,D,0,0.7266269208612122,0.2959584038365312,0.3564990343105181,0.25,22
14,X,X,D,1,0.7483003379999766,0.31719819883090683,0.3193749270537673,0.25,22
15,X,Y,K,0,0.75,0.307069671163272,0.3760460038118081,0.25,22
16,X,Y,K,1,0.7348519049308677,0.2870690191431876,0.3232109488496732,0.25,22
17,Y,X,D,1,0.7410985567879831,0.2792984527686644,0.34320597201527053,0.2528977437107751,22
18,X,X,D,1,0.7206413477822248,0.32863663227312334,0.32594170288407953,0.2501591634231987,22
19,Y,X,D,1,0.721873735544901,0.33119731460880336,0.32349810054042594,0.25,22
0,Y,X,D,0,0.7160438066554589,0.4037852537521056,0.6560012409582743,0.5067749620089088,23
1,X,Y,J,1,0.75,0.4596417074014189,0.6764428628714345,0.4998255577220778,23
2,Y,Y,K,1,0.75,0.49107077907457175,0.720653383059851,0.5216617918992669,23
3,X,Y,K,0,0.7397522314663091,0.4461127293024067,0.75,0.5029696908490289,23
4,X,X,F,0,0.7275310765613634,0.4698875868906503,0.75,0.5284016206957975,23
5,Y,Y,J,1,0.7298866189905325,0.47734401271760873,0.7310312063487895,0.47231155422877014,23
6,Y,Y,K,0,0.6930846035617808,0.489612040207928,0.75,0.4882904811161462,23
7,Y,X,F,0,0.7037444272403907,0.4921401911027916,0.75,0.48513361154732765,23
8,X,Y,J,1,0.7411990327385076,0.4878075901102085,0.75,0.4899504935035851,23
9,Y,Y,J,0,0.75,0.46888553983878467,0.7485716179948269,0.4420716752944188,23
10,Y,Y,J,1,0.75,0.48274582431007346,0.75,0.40643241174600453,23
11,Y,X,D,1,0.7475319688049908,0.4734268431149678,0.7396405040710253,0.4129029046532085,23
12,X,X,D,0,0.7188529521381135,0.47511653771608453,0.6999678204622041,0.3953292877371171,23
13,Y,X,F,1,0.7323265464408688,0.4989909436535722,0.6922116612510348,0.44236033859749463,23
14,Y,X,D,1,0.7497506645900202,0.47301920504635336,0.6706896840443424,0.3880706402095585,23
15,Y,Y,J,1,0.7387758429554416,0.4605470665169496,0.6842230666607892,0.3594959006328219,23
16,Y,Y,J,1,0.7398282359391599,0.44788698320601167,0.6778671531994059,0.3636482000944419,23
17,Y,X,F,1,0.7386946908248603,0.40238624090973524,0.655175820992336,0.4143999125633665,23
18,Y,Y,J,0,0.736919708883239,0.4135554526909484,0.6932521944351039,0.4222231645279919,23
19,Y,Y,J,1,0.7100544413442718,0.4261109959881644,0.75,0.38943376369972166,23
0,Y,Y,J,1,0.6637164106101301,0.7108739210709363,0.706188647480985,0.5431703406291446,24
1,Y,X,F,0,0.6330372366666993,0.7005356366603782,0.665579618018276,0.5687389703240762,24
2,X,Y,K,1,0.5913244579042961,0.702937660168878,0.6793975554450099,0.5455431116163931,24
3,Y,Y,K,1,0.5764509976786643,0.7012276583755273,0.6635578010914613,0.5615150391257159,24
4,Y,X,F,0,0.5966626612792646,0.700102893083169,0.6342919795560563,0.5702782879323575,24
5,Y,X,D,1,0.5683705680115742,0.6907996600593185,0.6074187899346815,0.568194370818806,24
6,Y,Y,J,1,0.5911589328607534,0.6714682348936268,0.555562796780284,0.571771277077538,24
7,Y,Y,J,1,0.563168724531065,0.6640987420980607,0.5873980315784091,0.5811490079117883,24
8,Y,Y,K,1,0.6046764732077956,0.656083613199602,0.5658643419593288,0.5826474480370979,24
9,Y,Y,J,1,0.627623300649022,0.6411936998310535,0.5991594826401507,0.5453548142514997,24
10,Y,Y,K,1,0.6168245540183258,0.5998088238325776,0.5857681081478502,0.5670933254885351,24
11,Y,Y,K,1,0.6174769436230355,0.5437495188475236,0.6084761548196669,0.5939721139089418,24
12,Y,Y,J,0,0.6101772635924188,0.5455134681687082,0.6559273905155237,0.6113601222375602,24
13,Y,Y,K,1,0.5865378624298871,0.5299273446045938,0.6504996530819125,0.601116146585563,24
14,Y,Y,K,1,0.6187148875599701,0.55085645832025,0.6487935727889287,0.5746136684865321,24
15,Y,Y,K,1,0.600984523669436,0.5657804758174033,0.6897160031605608,0.6109728927307386,24
16,Y,Y,K,0,0.6094227057475662,0.572566797237611,0.719575352573945,0.6085604461081698,24
17,Y,Y,K,0,0.5768737169903888,0.5909967035058012,0.7230061743556965,0.5494234452715022,24
18,Y,Y,K,1,0.5822278878064363,0.5452467064851012,0.6958227831672101,0.5504183121694344,24
19,Y,X,D,1,0.5794332425566442,0.5535259256771095,0.6651059602863508,0.5662643288455395,24
0,X,X,D,1,0.723918876412396,0.2998856582087318,0.2811287117774567,0.4674630104273388,25
1,X,X,F,1,0.75,0.30096844509828435,0.25975380763624273,0.49050065250774677,25
2,Y,X,F,1,0.7095859163502547,0.2946492429030702,0.2730064882752379,0.4983893697457239,25
3,X,Y,J,0,0.6877464726115873,0.2798294946626557,0.2762230281369192,0.47741453910618875,25
4,X,Y,K,0,0.721163771683819,0.29743002079280395,0.30465654949809673,0.46966676858453016,25
5,X,X,D,1,0.7258114083910762,0.28993834835334126,0.3147939757756265,0.5022480084870166,25
6,X,X,D,1,0.7080857780758032,0.33780453757795736,0.30895863963938086,0.5349587830316352,25
7,X,Y,J,0,0.7216728163402304,0.33584600913468965,0.30909628138037043,0.5108561033233843,25
8,X,X,D,1,0.736799952642483,0.31058577421048644,0.32706962117603805,0.5196482741342998,25
9,X,X,D,1,0.75,0.2841264534874292,0.3187235096822677,0.5010683207678109,25
10,X,X,D,1,0.7436369883756723,0.2783397242795816,0.28368012094423184,0.4813120397067033,25
11,X,Y,K,1,0.75,0.25,0.32557311539048017,0.4950461036980644,25
12,X,X,D,0,0.7032755884248288,0.25,0.28088787369003204,0.49688264948305555,25
13,X,Y,K,0,0.7207946091101735,0.25,0.33770722746657283,0.4898150836002539,25
14,X,X,D,1,0.7223304891471084,0.25,0.30848423822898974,0.49563294609447395,25
15,X,X,D,1,0.75,0.25,0.30734855378910325,0.508771483694731,25
16,Y,X,D,0,0.6967916645433074,0.25,0.2800887906351794,0.5233334934602449,25
17,X,X,D,1,0.7164787153225719,0.25,0.25879056436417525,0.47798066874939965,25
18,X,Y,K,0,0.694728384638272,0.2756139293529197,0.25,0.4862941477817874,25
19,X,Y,J,0,0.6982634731429679,0.31828321064111076,0.25796132512217473,0.49644481097607956,25
0,X,X,D,1,0.4520550847901448,0.7140382397433406,0.5833440613136486,0.7462924675252709,26
1,X,Y,J,1,0.45762477076939373,0.6818585017943716,0.6201636784919252,0.7373788990843316,26
2,X,Y,K,1,0.42627522903602183,0.702539211326161,0.6022303378696924,0.7130356866039789,26
3,X,X,D,1,0.4413146501632095,0.693125779336955,0.6096512431902821,0.6627355907042632,26
4,Y,Y,J,0,0.4231937979496185,0.6484380970474273,0.584920368077635,0.67619464975314,26
5,X,Y,K,1,0.4028053317535605,0.6627755311763344,0.5702262808706721,0.7081679394863172,26
6,Y,X,D,0,0.46143577013655784,0.693869208102246,0.5907068530190915,0.7153198043462428,26
7,Y,Y,K,1,0.4477942407669144,0.7043265536508069,0.5896141023353201,0.694880704308016,26
8,Y,X,F,1,0.4295285101222927,0.745953364111726,0.5328601379518506,0.7123248823922643,26
9,X,X,D,0,0.42588244194287495,0.75,0.505603503682246,0.7384889362336042,26
10,Y,Y,J,0,0.3967434465313292,0.7221373136469195,0.5068094944227176,0.7422845629878676,26
11,Y,Y,K,1,0.3817555297063231,0.75,0.48449380956922744,0.75,26
12,Y,X,F,1,0.35076538598478846,0.7448031956659443,0.4962559725288919,0.7253492020403141,26
13,Y,X,F,1,0.3682376455268168,0.7281250526570782,0.48560191731630664,0.6864934528923748,26
14,Y,X,F,1,0.3692924980628362,0.725594513819803,0.48747074623684516,0.7428861569805538,26
15,X,X,F,1,0.40828708130621677,0.7288499889703333,0.4775736634431841,0.7223369471261332,26
16,X,Y,K,1,0.40049367480118525,0.6677108593467092,0.5027582005256243,0.75,26
17,X,X,F,1,0.4279913214981846,0.6849354992415229,0.48889711841529315,0.75,26
18,X,X,F,1,0.4595343273091182,0.6548903173583306,0.491966080416941,0.7242683811754193,26
19,X,X,F,0,0.4814456403678221,0.6436971889907306,0.5120309763944411,0.729770816156911,26
0,X,X,D,0,0.40628359237056455,0.4561076582787392,0.33426074823255697,0.6913086558981025,27
1,X,X,D,0,0.3859461045428209,0.4275637400324258,0.399769604385246,0.6892344830183164,27
2,Y,Y,J,0,0.33366625210183365,0.44537417372358545,0.4009991370653806,0.7024032191012165,27
3,X,X,F,0,0.291532520648518,0.4488685020498804,0.437596732448839,0.7136783918180828,27
4,X,X,D,0,0.2638068407543752,0.4458371290840522,0.4479525777424331,0.7301191107609153,27
5,Y,X,F,0,0.28556460211413964,0.46115134068626185,0.4317324741804172,0.70998790998126,27
6,Y,Y,J,0,0.3058795489094733,0.48617969593896515,0.41418784378851425,0.7211842340393542,27
7,X,X,F,1,0.3240643138114643,0.4693580475616438,0.42970109553074193,0.7026891853104603,27
8,X,X,F,0,0.32056687248062615,0.4807069065921738,0.4087619951742292,0.7109810442156026,27
9,X,X,F,1,0.32574717905447437,0.4829655966189755,0.4403314458286808,0.6931094303045094,27
10,X,X,F,0,0.3077405733877841,0.4904551041073657,0.4579883338224574,0.7019024340510849,27
11,X,X,F,0,0.29143614024762077,0.48273913713970984,0.5045207228216435,0.6500277106360033,27
12,X,X,F,0,0.29271111633977553,0.4396622894738129,0.4984385817616772,0.6568645970200995,27
13,X,X,F,0,0.2966897626467239,0.4235419216217371,0.5084022230710528,0.6401881768422804,27
14,Y,X,F,0,0.31037674981734986,0.4033025772241362,0.4645305417584544,0.6015291640068422,27
15,X,X,F,1,0.3121261599915942,0.3840988259443955,0.4535640806647531,0.5897783455010924,27
16,Y,Y,K,1,0.28289855408718984,0.4012433695033959,0.5005303952756521,0.5689893084803467,27
17,X,Y,J,1,0.3008795275439834,0.40708314727385236,0.5194222916392452,0.5375166247781508,27
18,X,X,F,0,0.2796541100201215,0.4412727051226735,0.5099579050330607,0.5624622511703852,27
19,Y,Y,K,1,0.25,0.46006779014040394,0.5420366294457214,0.5613120469531796,27
0,X,X,D,1,0.4349590499388879,0.2780706239635637,0.5064021336775529,0.5181504667193624,28
1,X,X,F,0,0.4035084539134302,0.2660291993590319,0.515452771450967,0.5038151623232197,28
2,X,Y,J,0,0.3923759891837334,0.31319500389172394,0.5454620603308709,0.534731944961329,28
3,Y,X,F,1,0.41275635591345944,0.27556025478359425,0.5860938613505783,0.5417396644467196,28
4,X,X,D,0,0.44193042366648094,0.30288176558302476,0.5941359696426538,0.5637028744541962,28
5,X,X,F,0,0.449053959726816,0.31604469260089,0.6015567834146622,0.5562778642221315,28
6,Y,Y,K,0,0.4420047976959024,0.3406883191100898,0.5627195570018522,0.5386692306475885,28
7,X,X,D,1,0.4821612656787025,0.35773820495803377,0.5754868564850643,0.5460457140570163,28
8,X,X,D,1,0.470335571393443,0.3478578023277074,0.5453433324590098,0.5651935147999755,28
9,X,X,D,0,0.47265764795572346,0.3702108654275121,0.5462000702638927,0.54003973243309,28
10,X,X,D,0,0.44564104478343414,0.3332316697892025,0.5375154050385236,0.5476567352911424,28
11,X,X,D,0,0.4569308736848946,0.3461808856573605,0.5540703319261846,0.5926972384014593,28
12,Y,Y,J,0,0.43617798401985214,0.361675672736332,0.5661282874756708,0.6188667086238892,28
13,X,X,D,0,0.43734428985293355,0.34469333586110273,0.5968861470291017,0.5912031962748745,28
14,X,X,F,0,0.4012760193474498,0.40425433246750414,0.5706045360852148,0.5758726324813115,28
15,X,X,D,0,0.3851289988616205,0.43302990090518445,0.5659060435833365,0.5573252095793917,28
16,Y,X,D,0,0.4044436447031413,0.4194166277674521,0.5296302068159542,0.5546844793023653,28
17,Y,X,F,0,0.43495529734478444,0.4306962577920361,0.546938920793637,0.5687929413699642,28
18,X,Y,K,0,0.4467988515093821,0.47390600119580195,0.5760092482304313,0.5324235473102275,28
19,Y,Y,K,1,0.4564536066441808,0.48655561691271626,0.5653544580131541,0.5099047594588658,28
0,Y,X,D,0,0.30525133578700697,0.6189819579286373,0.3633897506223805,0.41678509501366906,29
1,X,Y,J,0,0.3088625974005659,0.6151371372932285,0.42737654847662343,0.4297481380977212,29
2,X,Y,J,0,0.2858499268537958,0.6235650343952462,0.4647003872490552,0.4760468660342107,29
3,X,X,D,0,0.28681989664138974,0.5879696747333241,0.4734349802557618,0.440462389089186,29
4,X,X,F,1,0.32161444672473943,0.600716159390047,0.49300238991049644,0.41589144992227106,29
5,X,X,F,1,0.32179550843173654,0.6260759780304603,0.5071339627701886,0.4216289257578457,29
6,X,X,F,1,0.313695753207673,0.6079530330822189,0.5090262826112498,0.4590112395332986,29
7,X,X,F,1,0.2756082661727851,0.6293606881115001,0.5201063555743075,0.4415755598197615,29
8,X,X,F,0,0.274172080976551,0.6399035087530982,0.5153427170919442,0.46666676252694816,29
9,X,X,F,1,0.2741619697302261,0.612615522106207,0.5337342777227922,0.48365369031204797,29
10,X,Y,K,1,0.28117138449878415,0.609424308489112,0.49517747672129137,0.5114084628449983,29
11,X,Y,K,1,0.33324166062230803,0.621271775218046,0.493302426056338,0.5317028799947241,29
12,X,X,F,1,0.34804750464206513,0.6407563318715884,0.49588577148845236,0.5453703264974429,29
13,X,X,F,1,0.36736343961371115,0.6473593838856401,0.5283988202234212,0.5395232289092625,29
14,X,Y,K,1,0.38399131681349724,0.6308478609281657,0.5403010408500462,0.522707319579469,29
15,X,X,F,1,0.3830303889949982,0.6013850160084969,0.5548637839488376,0.5653942786323469,29
16,Y,Y,K,1,0.3615135795329812,0.5690665836161395,0.5469304443031316,0.555460946143707,29
17,X,X,F,0,0.3341135097314752,0.5719228893393785,0.5803724789851108,0.552536342554872,29
18,Y,Y,K,0,0.3602568437045338,0.5702600510793984,0.5887405860230424,0.5213390142525385,29
19,X,X,F,0,0.39502456655529916,0.5807250628417255,0.5852076718891306,0.4908764115430393,29
0,X,Y,J,0,0.265888821537983,0.7091625633694922,0.44664373669740787,0.41276070117612346,30
1,Y,Y,J,0,0.29051698116697633,0.7092884211124424,0.4512896102174562,0.427291955154286,30
2,Y,Y,K,0,0.3467397089836198,0.6947463129836247,0.4961846938209063,0.4085157678891535,30
3,X,X,D,0,0.3493321390972483,0.6495483125871048,0.5238181955982598,0.3735429147696696,30
4,X,Y,K,1,0.2909831010841436,0.6487701327872737,0.5410331720719121,0.39767344159076395,30
5,Y,Y,K,1,0.27453509554962274,0.6683623975610311,0.5183778746020601,0.3992512487163592,30
6,X,X,D,0,0.27918538849332986,0.6556859824165608,0.5144884163735858,0.41953260012064947,30
7,Y,Y,K,1,0.2961712546347507,0.6712474495402708,0.5312694672172781,0.39717096175938593,30
8,Y,Y,K,0,0.29225428728046804,0.6684642110055495,0.563198392948743,0.3994012177492506,30
9,Y,X,D,0,0.3086708491543123,0.6445426067807472,0.5662342144916502,0.37809397311377474,30
10,Y,Y,K,1,0.3463081849551104,0.6734687021358766,0.5259379822231034,0.34191006092348714,30
11,Y,Y,K,0,0.31865033017726446,0.6415401443304023,0.529383646052421,0.37116847869001546,30
12,X,X,D,1,0.3522547220694778,0.6155898984433448,0.5078423439584343,0.3377211570395714,30
13,Y,X,F,1,0.35144835798432295,0.6419116309462278,0.5399436296502712,0.34281968771041715,30
14,Y,Y,K,1,0.3306130045099682,0.6471510423025145,0.521587937558577,0.3563931889230672,30
15,Y,X,F,1,0.3434704294663039,0.645028152664875,0.5315402317762249,0.3354979567946884,30
16,Y,Y,K,0,0.34363569410825123,0.6331879091643227,0.5126635063953288,0.3432077917657756,30
17,Y,Y,K,0,0.37099865249574326,0.6070333946096883,0.47660342812251943,0.303729906830329,30
18,Y,Y,K,0,0.38030100698545466,0.6092948157751337,0.44879500781814236,0.2901296668376252,30
19,X,Y,K,0,0.3940815114894142,0.680765083893279,0.41419517171719306,0.29579750796151794,30
0,X,X,D,1,0.6681883682381902,0.5154356999528733,0.4302955674622687,0.5317354985319294,31
1,X,X,F,0,0.7179125063037188,0.545245314577019,0.4042193076684186,0.5345393725426215,31
2,X,Y,J,0,0.7220188847930177,0.5347870728370978,0.39921194624318457,0.5050613635811115,31
3,X,X,D,1,0.7042686695410896,0.5314034731047435,0.3168049105741828,0.46218924535705874,31
4,X,Y,J,0,0.6625346935464518,0.5274944859844846,0.32029339428222914,0.4865833914525663,31
5,X,X,D,1,0.664646637125856,0.48111858492096665,0.32701982591958445,0.4792382193361815,31
6,X,X,D,0,0.7058936704923119,0.4660163728302591,0.3636334001179723,0.46603409494351755,31
7,X,X,D,1,0.6816242288749892,0.48291216494480343,0.35798910313342824,0.48107297859968173,31
8,X,X,D,1,0.6808423663473887,0.4579411311783827,0.32438779267949647,0.41192014022739026,31
9,X,Y,K,0,0.6826525442776553,0.44676672389915983,0.3544976475554762,0.4177077679409512,31
10,X,X,D,1,0.6629710017548048,0.41196385085945264,0.3703492163096164,0.4178213662517796,31
11,X,Y,K,1,0.6531747397528049,0.41283848766537645,0.3266153470476388,0.4388179721360027,31
12,X,X,D,1,0.641274680089804,0.392557350215089,0.29715844092235605,0.41172329966046833,31
13,X,X,D,0,0.6160941121961697,0.3803761664530392,0.3237423212991518,0.40604071513345863,31
14,X,X,D,0,0.6364861459397103,0.39803169930625526,0.3565459520636538,0.4165551155027965,31
15,X,X,D,1,0.6853131249999898,0.40121282646740436,0.37217575869068653,0.40957950529278436,31
16,X,Y,K,1,0.693348100209727,0.408215485921495,0.40563114472953743,0.41865051952394544,31
17,Y,X,D,1,0.690127560414745,0.4155238092807386,0.4356002452114847,0.4442711274417417,31
18,X,X,D,0,0.6653129731391313,0.4462071646868794,0.4549925128389713,0.47629964438485023,31
19,X,Y,J,1,0.6828415129674674,0.44414808893154295,0.458482918219098,0.43335877425084285,31
0,Y,X,D,0,0.3260887461526466,0.3387143480167361,0.48146313480070047,0.4303468197017847,32
1,X,X,F,0,0.31203145991854764,0.38291623589253826,0.47650568675656807,0.4080589758544313,32
2,X,X,D,1,0.33552260435670417,0.3727032057230474,0.4689446440700337,0.41064430593006257,32
3,X,X,D,0,0.3339832422570984,0.35901497246764835,0.4944405563765133,0.37965685377379543,32
4,X,X,D,1,0.31961939142374074,0.3592045126102719,0.5037988360638138,0.3663287203997588,32
5,X,X,D,0,0.30720006116437,0.3532131810359024,0.5298794035689743,0.3421852697435376,32
6,X,Y,J,1,0.280876772151439,0.3419288430495107,0.5295930851233444,0.33856250453860676,32
7,Y,Y,J,0,0.2719280997213909,0.368175094257817,0.5257516459209491,0.36062035205418613,32
8,X,X,D,0,0.2801931621193452,0.3802960741137023,0.5444068889762277,0.34440428515768384,32
9,Y,Y,K,0,0.3063771187959966,0.3936322890509766,0.5710485644647343,0.4168699017547754,32
10,X,Y,K,1,0.31335253062556606,0.37474639624692263,0.612218191247672,0.434798253534831,32
11,X,X,D,0,0.29320719751213964,0.35138678920912775,0.6032034342287445,0.42741976444203045,32
12,Y,X,F,0,0.29829224430800566,0.38640904677963567,0.6233437753962358,0.45191418942617767,32
13,Y,Y,K,0,0.3064774590229121,0.41428925695532526,0.6263339133035231,0.4268731582406956,32
14,X,Y,J,1,0.28487289078376093,0.4170370190487001,0.6426037802807159,0.3964335471796713,32
15,Y,Y,J,1,0.2922842524949494,0.42162911414641907,0.6491504540652936,0.40333306255351214,32
16,Y,Y,J,1,0.2874595770724233,0.4405094351711053,0.6514771329168668,0.42339308698747113,32
17,Y,Y,J,0,0.31703280044788457,0.4165769124442643,0.6330061593048144,0.43839433513217996,32
18,Y,Y,J,1,0.38083994745725347,0.3708899572252514,0.6354309514560635,0.45978417963206486,32
19,Y,Y,J,0,0.3324786737928161,0.3666233355213369,0.6353816791636394,0.4551487464365348,32
0,Y,Y,K,1,0.47645972573559886,0.3244391650102416,0.2566755553924623,0.3040454296918271,33
1,X,X,D,1,0.5139967126643036,0.30962930631190205,0.2776622231354712,0.29365657703435083,33
2,X,Y,J,0,0.4939656738902012,0.3129868422431804,0.26074810723678404,0.253324105130732,33
3,Y,X,D,1,0.49182376600049926,0.3278015850787699,0.25,0.2573768992310088,33
4,X,X,D,1,0.5081074450706473,0.28907056978052015,0.2630704125341955,0.26922865080141983,33
5,Y,Y,J,0,0.5047873868894828,0.27642825206609595,0.25,0.25,33
6,X,X,D,0,0.504605745657687,0.25,0.25,0.25,33
7,X,X,D,1,0.5026858973687688,0.25,0.25,0.2566765875002567,33
8,X,Y,K,0,0.5202142233862628,0.25262473965696136,0.25,0.2981081316245146,33
9,X,X,D,1,0.5324888188198583,0.25470738886212146,0.25,0.2803034240004433,33
10,X,X,D,0,0.5153373018309024,0.25,0.2507542024880056,0.285691640806718,33
11,X,Y,K,0,0.535320075182177,0.25,0.25,0.26841631375506037,33
12,X,X,D,1,0.5598247260402459,0.28550747910341356,0.2817315025676215,0.25,33
13,X,X,D,0,0.5347619513565985,0.315339808174806,0.2833418879651213,0.27182901831087825,33
14,X,X,D,1,0.5192929502701433,0.3008062239401755,0.2766938808165267,0.2645534255070651,33
15,X,X,D,1,0.5071483225329926,0.3100321734361901,0.30471443547817784,0.25,33
16,X,Y,K,0,0.4942679414823165,0.2932417977997904,0.29694094024621637,0.26933678034212283,33
17,X,Y,K,0,0.5257076825484187,0.28343375472524723,0.28449078544501094,0.2677724630056417,33
18,X,X,D,1,0.534599871251084,0.2623429988795214,0.26102573787615624,0.27246728044947843,33
19,X,Y,J,0,0.5608131551607882,0.2550443220845892,0.25757215494691305,0.2564000747425344,33
0,X,X,D,1,0.5563013577453586,0.3946423849388435,0.5316720797550836,0.6399391727932564,34
1,X,Y,J,1,0.4992063292758273,0.37907506504910093,0.5192955105424116,0.6559693120429688,34
2,X,X,D,1,0.5514780869136,0.34654492328223746,0.5197146899233869,0.6140030730910573,34
3,Y,Y,J,0,0.6021368415601945,0.30070110540946804,0.5618353110712739,0.5959604137915313,34
4,X,X,D,0,0.6443853520128269,0.29896246263789367,0.5725352123893764,0.6105547208530633,34
5,X,X,D,0,0.6017241337046264,0.25,0.5701926435397837,0.6281105214303687,34
6,Y,X,D,0,0.5822465061406557,0.28031356540928715,0.5709328429650782,0.6467061477946883,34
7,Y,Y,K,1,0.5935303245435751,0.2565518682147851,0.562314701840818,0.6331325302777506,34
8,Y,Y,K,0,0.5646669879492116,0.25,0.5671042744235062,0.6400637744566798,34
9,Y,X,F,0,0.5485205678106388,0.25,0.5815805657932264,0.6404265322945419,34
10,Y,Y,J,1,0.512615122719927,0.25,0.5506918942521704,0.6288029331157685,34
11,Y,Y,J,1,0.47368165279659036,0.25,0.5870750641264021,0.6058472605771841,34
12,Y,X,D,0,0.45615411726689065,0.25,0.5524588770326807,0.6194107210144784,34
13,Y,Y,J,1,0.4661571036423855,0.3028936990616085,0.5432748028268585,0.5910569058962473,34
14,Y,X,F,0,0.42709490126538663,0.2858591114964618,0.5243012341039083,0.5847743227288199,34
15,X,X,F,0,0.4158703391180547,0.2963728328369222,0.5303867647607508,0.6273105162910334,34
16,Y,Y,J,1,0.4262779821156495,0.2509888816460935,0.5236255359867619,0.6393392578629111,34
17,Y,X,F,0,0.3828458124659498,0.2544585949643744,0.5144048244019084,0.630382838020532,34
18,Y,Y,J,0,0.35743245659269623,0.26655948713916333,0.5144211744784708,0.648463650943736,34
19,Y,Y,J,0,0.38312849657225595,0.297063180715593,0.5263128110965829,0.6121573103392502,34
0,Y,Y,J,1,0.48851281144805586,0.5055581982285922,0.4507824778134705,0.4673831603452749,35
1,Y,Y,K,0,0.5038378733785758,0.46027533699813494,0.47842503640836415,0.510696075411865,35
2,X,X,D,1,0.5097519631067344,0.4336040254062945,0.4767071043230034,0.5022071518322788,35
3,X,X,D,1,0.5168169110877976,0.44772745220086785,0.4020096899468025,0.4815880267378499,35
4,X,X,D,1,0.4950183568888708,0.4270256511919061,0.37771672002324946,0.48794123343197693,35
5,Y,X,D,0,0.5212783663163846,0.4395852117080766,0.3845353733434038,0.5015611535564514,35
6,X,X,D,1,0.5083679564947904,0.444186920106822,0.4121501265163944,0.47236964463057307,35
7,X,Y,J,0,0.49115332950190504,0.3886716401781706,0.434334493178862,0.5085217212742855,35
8,X,X,D,0,0.5129799169839822,0.41515513723476466,0.4602613962442407,0.44463247918595644,35
9,X,X,D,0,0.5150499440744639,0.4257657287296687,0.4983890378128418,0.4495057818377258,35
10,X,Y,J,0,0.5283773229827321,0.38314607266462847,0.5233431097828765,0.44314927694069595,35
11,X,Y,K,0,0.5003682365104156,0.35251773237325934,0.5199536338375307,0.4588598393018209,35
12,X,Y,J,0,0.5148334081045643,0.355951376248571,0.49081104343975324,0.44272606400408754,35
13,X,Y,J,1,0.535275686447142,0.3846587827013239,0.5351877166830615,0.4430707963186033,35
14,X,X,D,0,0.5733617007240793,0.38504147344643896,0.5032526356103025,0.5090365882221539,35
15,Y,X,D,0,0.5845540714106371,0.39271755246509343,0.4801192570109648,0.5381172467028252,35
16,X,X,D,0,0.5642561891039611,0.4199187238394258,0.48722151477911657,0.5489553683674924,35
17,X,X,D,0,0.5694172936216452,0.4180695855764718,0.48201935223760345,0.5045812071005785,35
18,Y,X,D,0,0.5527682246857409,0.4216573875111673,0.4920543856070739,0.4454134945906928,35
19,Y,X,D,0,0.5612525613418387,0.43643878684675663,0.5048233071433698,0.4785326929256407,35
0,X,X,D,1,0.3974319525240268,0.2942795045219676,0.31649510482290305,0.6768664517245819,36
1,X,X,F,0,0.39358860067192936,0.28593050555167626,0.3747616249086544,0.6757927128758793,36
2,X,Y,J,1,0.38101630150527577,0.29949768247726954,0.3759732883099417,0.6568135455365417,36
3,Y,Y,J,1,0.4063271346572528,0.25444222899563174,0.36483215747271414,0.6755451528034526,36
4,Y,Y,J,1,0.39681159154198054,0.25675500303051674,0.35337666409005836,0.6697832011648923,36
5,X,X,F,0,0.38786019782934045,0.25,0.3616527126181545,0.6486227702778246,36
6,Y,Y,J,0,0.35003408868055763,0.25,0.36748601032366596,0.6314852445487982,36
7,Y,Y,K,0,0.3149338814911043,0.26704859218528026,0.37264123912793706,0.6338113848056758,36
8,Y,X,D,1,0.33519089447763595,0.26693835119577564,0.42159171370923226,0.669706630435627,36
9,X,X,D,0,0.32066908115883946,0.293590946200459,0.3946871419815813,0.6399245789595096,36
10,X,X,D,0,0.29592398140718085,0.25143182822773147,0.3535696951088786,0.655101335159125,36
11,Y,Y,J,0,0.2654373691788673,0.2503618253020598,0.34862975355249093,0.6460422173507648,36
12,Y,Y,K,1,0.27390407563644903,0.25,0.3584389930317074,0.6288827479905161,36
13,Y,Y,K,1,0.2906868178626126,0.25,0.3444719813343331,0.5834548560978695,36
14,Y,Y,K,1,0.28513273047868115,0.2741051481893487,0.32821008715093364,0.5707688885338909,36
15,Y,X,D,0,0.3159158927468033,0.3333965571597274,0.2968316144651604,0.5810207102926159,36
16,Y,Y,K,0,0.31346310768104674,0.30664723588955134,0.3279242855894114,0.5775247982059547,36
17,Y,Y,K,1,0.32908289542457225,0.3115981968343601,0.323371324506532,0.6221448197212365,36
18,Y,Y,K,1,0.32629257350744656,0.28566950771164756,0.3244191043076158,0.6388692065038081,36
19,Y,X,D,0,0.29068627099110067,0.3068971500402831,0.36009521887784735,0.5942341899253359,36
0,Y,Y,J,0,0.2536729517665378,0.5786861913586694,0.36016766479483453,0.30435829963716166,37
1,Y,Y,K,1,0.25,0.5327731904415989,0.37673651883232706,0.3199162870849434,37
2,Y,Y,J,1,0.25309136256751424,0.5419479527636936,0.3863953904716331,0.2879348720436749,37
3,Y,X,D,0,0.2958129455772157,0.5543580731920855,0.3529621706678894,0.28677395350530027,37
4,Y,Y,J,0,0.3193562047158553,0.5572019564199242,0.3663251734332001,0.2817549875702224,37
5,Y,Y,K,0,0.34299549996191486,0.5594973305874887,0.3453656172116798,0.25871629540500124,37
6,X,X,F,0,0.32468650596049087,0.5599308925793798,0.361787336335625,0.2544041661808582,37
7,Y,Y,J,0,0.3236618716112298,0.5778319837940336,0.3867147572916578,0.25,37
8,Y,X,F,1,0.2984009521230993,0.5478224621630359,0.4055737761928158,0.2955098521474516,37
9,X,Y,K,0,0.33604943464052106,0.5233795268405961,0.4406850030783367,0.31521676862633896,37
10,X,X,D,0,0.33090878282661784,0.5254387959075829,0.47242768689409537,0.33120234159384127,37
11,X,Y,K,0,0.30301099596511627,0.5310147479147054,0.42827489782599565,0.3189368648647244,37
12,Y,X,F,1,0.25,0.5374581388907224,0.46032061455356743,0.2874669290575614,37
13,X,X,F,1,0.25,0.5104139251775826,0.4453654209935759,0.30895074641480663,37
14,X,X,F,1,0.25,0.5087316970674787,0.43874162051046,0.3341685143435577,37
15,X,X,F,1,0.25,0.5614779421625377,0.4378374223035997,0.37220888267411834,37
16,Y,Y,J,0,0.25,0.5438754436568654,0.4552965547728899,0.34938034061505696,37
17,X,Y,K,0,0.25604839025156095,0.5531668869926275,0.49419887730287365,0.35277385609029277,37
18,X,Y,K,0,0.26910987205220177,0.5827149108356482,0.49708816140724477,0.34570688955238005,37
19,X,X,F,0,0.2805516414356183,0.571932277431822,0.5028384267253492,0.4007715588351515,37
0,X,X,D,0,0.3249457530078694,0.685772969793266,0.34543099874714106,0.4169293953002459,38
1,X,X,D,0,0.2879694956690112,0.6519104182859983,0.3544731361122353,0.40672276806764096,38
2,Y,X,F,1,0.3251167549385252,0.653364071810486,0.31968922104283637,0.4026622161852804,38
3,Y,X,F,1,0.3212517412642734,0.6459875773390359,0.2947734099341872,0.3967781750291106,38
4,Y,Y,J,0,0.34457989665118166,0.5924014532432641,0.3168556086092659,0.401445584503719,38
5,Y,Y,K,0,0.35000918856548807,0.6270767536586673,0.31681144332132855,0.4199510143387494,38
6,Y,Y,J,1,0.3361225558899132,0.6469362775100933,0.29716603214059056,0.39047044502334993,38
7,Y,Y,J,0,0.33244714848965556,0.6728965934032495,0.2781960877316371,0.41152638790976004,38
8,Y,X,F,0,0.3207677661370153,0.6464733024582259,0.28728445991549506,0.40770781532351075,38
9,Y,X,F,0,0.34619068705591377,0.6851028203696412,0.28462940844470636,0.42997722031714875,38
10,Y,X,F,1,0.33717412298507615,0.7337633092970595,0.2949123430443852,0.4175875671567998,38
11,Y,Y,J,1,0.304612542381322,0.75,0.317303748431118,0.41904810584412033,38
12,Y,X,F,1,0.2718477576539762,0.75,0.3287837426508262,0.41726757366834716,38
13,Y,X,F,1,0.2914587635441746,0.7458633321923306,0.2913248992570209,0.4945158709740356,38
14,Y,Y,J,0,0.2637139277664835,0.7339142400851646,0.25,0.4734431704408212,38
15,Y,Y,J,0,0.25,0.75,0.2574972013804227,0.4599001613363975,38
16,Y,X,F,0,0.25668841698994455,0.7221588275936724,0.2952707168750792,0.4331316915840314,38
17,Y,Y,J,1,0.2590316925569259,0.738710281981934,0.3116588428092812,0.42285952323050174,38
18,Y,Y,J,0,0.28538623826843634,0.7082926736731634,0.3079908505735725,0.38736189015728817,38
19,X,X,F,1,0.29351528580087427,0.6511238932440293,0.27824220947227374,0.35872443953721594,38
0,X,Y,J,1,0.2620732500570402,0.40874455684631655,0.6973426614190756,0.27557048753183344,39
1,X,Y,K,0,0.25,0.4187577765423193,0.6888521055815363,0.3014714178129866,39
2,Y,Y,K,0,0.2836295409271205,0.4134723052986245,0.6646650072938216,0.2755146008627875,39
3,Y,Y,J,1,0.2803717149131128,0.399320208224834,0.6978803783346211,0.3195974369224619,39
4,Y,Y,J,1,0.3272348477283425,0.41846492504036975,0.7062035536485415,0.3394024816350258,39
5,Y,Y,J,0,0.3392674796070055,0.41035429447643257,0.7426360084285211,0.33528708121348616,39
6,Y,Y,J,1,0.3518079422157799,0.4149517654276649,0.7398667864119933,0.29563819621182313,39
7,Y,Y,K,0,0.334909264852708,0.42923253252346216,0.7467693466156498,0.287325904263921,39
8,Y,Y,J,1,0.33328706417154474,0.4521622404622336,0.7242376155766911,0.3173339082537521,39
9,Y,Y,J,1,0.3433625721828851,0.4613009205593743,0.715712037431063,0.3121802544613071,39
10,Y,Y,J,1,0.388631045992806,0.44060244739805476,0.7456550780660652,0.40006639965714885,39
11,Y,Y,J,1,0.42205165309905746,0.4546307738820089,0.75,0.3994379730749469,39
12,Y,X,F,0,0.4352754467172881,0.4206306675754061,0.75,0.40559483855852924,39
13,Y,X,D,1,0.45384030927659075,0.4396362437922679,0.7462497760572048,0.42475106431522874,39
14,Y,X,D,1,0.479849193834086,0.430408182570804,0.75,0.4031000294097046,39
15,Y,X,D,1,0.4880355595764513,0.4261847269779988,0.7096563206165551,0.39880077928260016,39
16,X,X,D,0,0.513042107979678,0.4242191649437677,0.681061681650265,0.38625721285562176,39
17,Y,X,D,0,0.5131253629010717,0.41489363606109486,0.6910211088692515,0.3882211401125237,39
18,Y,Y,J,0,0.5180951052628581,0.3963617239552203,0.6777024744374573,0.37231889857620615,39
19,Y,X,D,1,0.5275757554459826,0.3783257280588953,0.6493147142105328,0.37093638708320625,39
0,Y,X,D,0,0.6106364751354831,0.4023544990458041,0.3751097310627801,0.5573583458202843,40
1,X,X,F,0,0.612579747195904,0.40448354568132694,0.37381320306559684,0.5991854719545465,40
2,X,X,D,0,0.6245547867281007,0.3801102298881951,0.33645820893806616,0.632497788420519,40
3,Y,Y,J,1,0.6729736401933325,0.39513778282401246,0.33937295213648816,0.6044605851813019,40
4,Y,X,D,1,0.6922430530379321,0.3733436247273466,0.2845518955999121,0.6385867010445518,40
5,Y,Y,J,0,0.6763225025605167,0.41236634980190634,0.30655405351234044,0.5891390006551499,40
6,X,X,F,0,0.668902396064016,0.41935396701620653,0.27452964939047086,0.5809953289247414,40
7,Y,Y,J,0,0.690895727307751,0.4362973324250385,0.2671847259437226,0.5506198751429122,40
8,Y,X,D,1,0.7105610224626255,0.4590047108536656,0.277217547312299,0.5193968752660609,40
9,X,X,D,1,0.7083283914269866,0.46599350705251347,0.2817437108813525,0.5104380983902894,40
10,X,Y,J,0,0.7012053275849811,0.4292555062188779,0.3429480955020311,0.4956544058202971,40
11,X,Y,J,1,0.708577744105206,0.42125353235364554,0.3276599199114982,0.4726532465692969,40
12,X,X,D,1,0.7267472119936105,0.38060667003836285,0.3228341353044169,0.4668370239415155,40
13,X,Y,J,0,0.730426353908132,0.3728680152494743,0.29682440513104313,0.5114213727562069,40
14,X,X,D,1,0.75,0.3610387966469981,0.34852324165121557,0.5245327839943202,40
15,X,X,D,1,0.75,0.33885510119780865,0.34477845682718017,0.5107880738571989,40
16,X,Y,J,0,0.7185643287769219,0.3442414003678338,0.3727707541215124,0.488160936549985,40
17,Y,Y,J,0,0.6910024230518778,0.3371286135322026,0.3973878185590088,0.5002518182305452,40
18,Y,X,D,1,0.7074529543384124,0.2976750722270397,0.4229032396970024,0.5249130761353327,40
19,X,Y,J,0,0.6999201698823874,0.30554061465678983,0.41798689752239904,0.5556103314913868,40
0,Y,Y,J,1,0.517959792131477,0.6930377695165904,0.7224030961607126,0.5534360775452538,41
1,Y,X,F,1,0.45937313431105153,0.6897695099680412,0.7308544115547753,0.5472433389033832,41
2,Y,Y,J,1,0.47396862862563993,0.674520360871258,0.7096884895597978,0.5262448930582905,41
3,Y,Y,K,1,0.45806764880857864,0.6732083900741898,0.671647897562361,0.4981256818688834,41
4,Y,Y,K,1,0.4725444811753504,0.6853177482097026,0.6438733535117277,0.5023863668190346,41
5,X,X,D,0,0.44778883147360604,0.6862409080538872,0.6982957354450078,0.523092837012843,41
6,Y,X,F,1,0.4126609593667131,0.683154006784144,0.711529303437432,0.4541894921665333,41
7,Y,Y,J,1,0.42052563143451305,0.7088197501212019,0.7017808530403613,0.43861423505422026,41
8,X,Y,K,1,0.4052904142641923,0.6819357384469461,0.6782961973242099,0.42855189977045954,41
9,Y,Y,J,0,0.41115979731652147,0.7016946901405174,0.6458801502342094,0.48443785198921496,41
10,X,Y,K,0,0.37887396109455,0.7120620091330858,0.6584923108736692,0.5105140720920468,41
11,Y,Y,J,0,0.3684641175005663,0.7351195177537867,0.6563870602681285,0.5098518056854474,41
12,X,X,F,1,0.3703193641668875,0.6892793197569957,0.6332218970612298,0.49130463641447863,41
13,X,X,F,1,0.3406886327548003,0.6968528760920772,0.6279557313484382,0.5022914535071092,41
14,X,X,F,1,0.3378359125386189,0.7096389303614019,0.6257736033887732,0.48920100854300996,41
15,X,X,F,1,0.350700441557119,0.7194274301765808,0.6313494689467797,0.5109293048016196,41
16,X,Y,K,1,0.3644946877254146,0.7381404557405913,0.5985649910972282,0.48408846930371874,41
17,X,Y,J,1,0.3653836615411233,0.75,0.6190574261524883,0.5158163210496817,41
18,X,X,F,1,0.31184997627138766,0.7468878754221986,0.5988488453574614,0.5145652755490487,41
19,X,Y,K,0,0.3174012105945482,0.75,0.6191578961515275,0.5244913725366651,41
0,X,X,D,0,0.5033483505777727,0.34880980887066104,0.5764384018168591,0.6364498303815569,42
1,X,Y,J,1,0.5102287289693505,0.3099623077056507,0.6125811816515113,0.6397010693379951,42
2,X,X,D,1,0.5165497958623083,0.310483476863209,0.617743552295224,0.6496173702201803,42
3,Y,X,D,1,0.49448516053839964,0.286065724422651,0.6243817008694316,0.6633629533523374,42
4,Y,X,D,1,0.4864978333121126,0.29799366645277464,0.6048118926632813,0.6221637863382399,42
5,X,X,D,1,0.5047039424361888,0.266723285006035,0.5642022270160988,0.6189616940504421,42
6,Y,Y,K,0,0.5363850197500759,0.2551663677213164,0.5868791328306175,0.6734028751023727,42
7,X,X,D,1,0.5040380877923312,0.25,0.6132329167272192,0.6967986852387461,42
8,X,X,D,1,0.5144721129573748,0.25,0.6558961414127562,0.6855376639685452,42
9,X,Y,K,0,0.5221379790814923,0.25,0.6503904409672652,0.6755410785857664,42
10,X,Y,J,0,0.520743334164354,0.25,0.6484005685679766,0.7145215945192469,42
11,X,Y,J,0,0.4838864214970958,0.25,0.6829040242622817,0.6880674133107255,42
12,X,Y,K,1,0.42639480127082285,0.25,0.6595750736554862,0.7018918657353911,42
13,X,X,D,0,0.45688911171097873,0.26696187759317513,0.6377178648456169,0.7312589497541429,42
14,Y,X,F,0,0.4541066958869381,0.3198706303749284,0.6490720056636631,0.7047298026994042,42
15,Y,X,D,0,0.431270034604338,0.27978120830378017,0.6547541627457747,0.7372858921843115,42
16,X,Y,K,1,0.44926044433775914,0.279690017479671,0.6617607530041418,0.75,42
17,X,X,D,0,0.4618106295486964,0.25635539313535016,0.6703905528529084,0.75,42
18,X,Y,K,1,0.45758679466268115,0.25750972301725994,0.686312035512567,0.7047386508048328,42
19,X,X,D,1,0.5046421791542673,0.26050745706414713,0.6637397360568356,0.6758467476713383,42
0,Y,Y,K,1,0.39930449098241483,0.41837207598820964,0.7050285376630022,0.4935868089286706,43
1,X,X,D,0,0.3789788457070705,0.41695360651872165,0.7169572262137687,0.448375518232695,43
2,X,X,F,1,0.3546695404997738,0.42596950042570664,0.6572102763504095,0.4264329131068514,43
3,X,X,D,0,0.36126645943032853,0.43941520169952,0.6774619960623314,0.39051345406457405,43
4,Y,Y,K,0,0.4089730996105628,0.42240678944003485,0.6771550811621183,0.40477292802912496,43
5,X,Y,K,1,0.41933604034731775,0.46668426278801767,0.6376595908887289,0.33589986888370976,43
6,Y,Y,K,1,0.4124746676097945,0.4748863444725087,0.6571252438831122,0.29994291599860884,43
7,Y,X,F,1,0.38341394396436124,0.518166982072425,0.653623084455614,0.28008514501504894,43
8,Y,Y,K,0,0.3518788728902058,0.5262835038536785,0.6354529274883749,0.31260404916159185,43
9,X,Y,J,1,0.327238493781384,0.49696877700656894,0.6314030180076111,0.28618988241743737,43
10,Y,X,F,1,0.3541658006206743,0.44039068673817094,0.6406001449024854,0.3072928319949982,43
11,Y,Y,J,0,0.39774223801816444,0.454202291520771,0.6819749500604985,0.313651297615382,43
12,Y,Y,K,1,0.4047432437157355,0.44615159546253913,0.6487809832576543,0.2948914667451977,43
13,Y,Y,K,0,0.46740011398271725,0.46905605159723573,0.6246200750347872,0.3372216392793913,43
14,X,Y,J,1,0.46068288634959476,0.43751273829766907,0.621881013400837,0.3071268158007978,43
15,X,Y,J,1,0.4771016810780027,0.49095908763585056,0.6547328822065488,0.29625520462812654,43
16,Y,Y,J,1,0.4865954366043905,0.4860608904676023,0.6515189192039352,0.27888319904500497,43
17,Y,Y,J,0,0.4803224399906003,0.5312873439741407,0.6628746113081847,0.31448987761834846,43
18,Y,Y,J,0,0.4742786330618367,0.5396008598184743,0.6509363451188854,0.3545909330640911,43
19,X,Y,J,0,0.5215450580023699,0.5151373392482789,0.6627688426864621,0.3661848542237727,43
0,X,X,D,0,0.32009501896688064,0.6585423115705682,0.44417103283661763,0.5741278347677764,44
1,X,Y,J,0,0.33616745912156143,0.6341944164878278,0.4269842781412359,0.590877509406462,44
2,X,X,D,0,0.31342718201703934,0.6783057596578482,0.4368153553785284,0.5947345985679339,44
3,X,Y,K,1,0.3454391491934993,0.6456538445200221,0.42606907115069625,0.6112675199321281,44
4,Y,Y,K,0,0.34484688893647436,0.6802965652385391,0.418263998965075,0.640785983502237,44
5,Y,Y,J,0,0.3264018293672176,0.6607923043291152,0.4259463293541398,0.6550575627514114,44
6,X,Y,K,1,0.35637913766378543,0.6629494735961204,0.42036464863891804,0.6146657585272393,44
7,Y,X,D,1,0.36365263984687934,0.6326434205075289,0.3979226458441371,0.6181312515816804,44
8,Y,X,D,0,0.387448168437399,0.6237426605548153,0.3792454285635868,0.6237792238972081,44
9,Y,Y,K,0,0.3785758883383306,0.5786418356054681,0.40444557495178346,0.5789654793162008,44
10,Y,Y,K,1,0.407119965182043,0.5807041412740406,0.389636514119018,0.5798332468153016,44
11,Y,Y,K,0,0.41570877950368196,0.5770036347438456,0.37633337245041176,0.5542051498525067,44
12,X,X,F,1,0.48579525350804,0.5197460987997625,0.38732006588522,0.5523488306676776,44
13,X,X,F,1,0.5063217412433941,0.5134648460722934,0.37781106490356914,0.541289385199566,44
14,Y,Y,K,1,0.4961673666654009,0.5135398206661337,0.3777407112223093,0.5333726003286807,44
15,Y,X,F,0,0.47083446184102257,0.5302049687823206,0.40387802883519763,0.5734946241325408,44
16,Y,Y,K,1,0.4205845167768604,0.5026407808025991,0.36566021321058473,0.560570309101962,44
17,X,X,D,1,0.4066968932789109,0.5002832169728287,0.33658842922101107,0.5477922538137101,44
18,Y,Y,K,1,0.40912843483640876,0.4814526475696072,0.3362167548791097,0.4942057978615349,44
19,Y,Y,K,1,0.3793469404386044,0.46564346844941584,0.3068198128269387,0.5233409464324299,44
0,X,X,D,0,0.7405927665601576,0.5470410273484259,0.5169443880281646,0.32473194179601916,45
1,X,X,D,1,0.6944839570888586,0.5557216127880356,0.5352077729788742,0.2907344831892191,45
2,Y,Y,J,0,0.7139868532264553,0.5285867421588212,0.5454632566163727,0.26235414943372104,45
3,X,X,D,1,0.7186104565164787,0.483003839498364,0.5049092092587898,0.28922741681766795,45
4,X,Y,J,0,0.75,0.5074646492009991,0.517543533687683,0.2903815485671807,45
5,X,X,D,1,0.7348173136222194,0.42550719005441756,0.5129084906737691,0.30300097752304295,45
6,X,X,D,1,0.75,0.43910145783158855,0.5215836498318978,0.27126181606759375,45
7,X,Y,K,0,0.7044546422778106,0.44367086806613615,0.5485027296332186,0.2997639190748826,45
8,X,X,D,1,0.7342231541193716,0.4168807294129115,0.5707907922758496,0.3146258803801395,45
9,X,X,D,1,0.7257555255938468,0.4171193905623875,0.565987668881152,0.319099937170845,45
10,X,X,D,1,0.7083009653708602,0.446185725346325,0.5544331990478769,0.3591087286167485,45
11,X,X,D,1,0.7364510196593786,0.45373254788820633,0.5648010759851826,0.3717050496982017,45
12,X,Y,J,1,0.749900712666554,0.4432060230797112,0.5479277425965374,0.3689064923077799,45
13,X,X,F,0,0.75,0.4306161811773341,0.5046548769685377,0.37191016292437207,45
14,X,Y,J,0,0.75,0.4346477402279954,0.4635839204992788,0.3781938048442759,45
15,X,X,D,1,0.75,0.40895425047697825,0.49778136810406715,0.38454878058789854,45
16,X,X,D,0,0.75,0.40604748845883765,0.4959817971193526,0.4132967104093502,45
17,X,X,D,0,0.7228386255974166,0.4264452430149984,0.4336922239126765,0.4590248467685868,45
18,Y,Y,K,0,0.7268652100050604,0.4293845983922418,0.40593052615883857,0.4536098167752041,45
19,X,X,D,0,0.6999151579544336,0.44235044513809735,0.4104353671726856,0.46917527315534635,45
0,Y,Y,J,0,0.4747459717690849,0.38059359890893935,0.5642360042517587,0.7427626715185514,46
1,Y,Y,K,1,0.4744141694201371,0.34405191826847803,0.519850724568994,0.7112449874383963,46
2,Y,X,D,1,0.4855319306698313,0.30139998136557883,0.4780129370206748,0.7331101977654702,46
3,X,X,F,0,0.5022752636085392,0.31667879188907494,0.44219376978912706,0.75,46
4,X,Y,J,1,0.47956599425493984,0.3036064480079897,0.45749974508398494,0.730847384274413,46
5,X,X,F,0,0.5043032875109422,0.3142483211310062,0.45581970904561947,0.6970094168832234,46
6,Y,Y,J,0,0.5277674336518983,0.28638662254674435,0.461487789919862,0.6894381656165137,46
7,X,X,D,1,0.5543275291347189,0.27097238527779294,0.41308756987808765,0.6901872826519311,46
8,X,X,F,0,0.5737429914303922,0.25,0.383799670578646,0.7145904855373335,46
9,X,X,D,0,0.5300614005411732,0.25669395937846357,0.4182271545329314,0.678117159251465,46
10,Y,Y,K,1,0.5094266602239331,0.25,0.4401080403783914,0.6496772440145105,46
11,Y,Y,K,0,0.49462488727668696,0.25,0.42021763945599955,0.626409101148169,46
12,X,Y,K,0,0.520462462877891,0.25,0.38479568431749245,0.6170006628428973,46
13,Y,Y,K,0,0.5071603236860576,0.25956457134635436,0.3604121883866452,0.6317549670827015,46
14,X,X,D,0,0.5142463240770385,0.25,0.3263418283751712,0.6057431048570994,46
15,Y,X,D,0,0.5281260226739378,0.25,0.27565872812348385,0.6185669931330325,46
16,Y,Y,K,1,0.4907352562127032,0.25,0.25,0.6210052769027743,46
17,X,Y,K,0,0.46277145736492364,0.2737610632896197,0.25,0.6143469100024186,46
18,Y,X,D,0,0.40721692073380417,0.2977364377995992,0.25,0.6028876408738875,46
19,X,Y,K,0,0.37956445072537687,0.34339144569000557,0.25,0.6116709225730074,46
0,X,Y,J,0,0.4908944949895757,0.46432391059718886,0.28737599543708364,0.3964803153073481,47
1,Y,Y,J,1,0.47594268988876665,0.44256375103736134,0.2917836758273658,0.3990956749949678,47
2,X,X,F,1,0.47047413056017967,0.4232764142323091,0.264635569656014,0.39218685551214755,47
3,X,Y,K,1,0.45587755984346084,0.4098592702063006,0.25,0.4182403577024959,47
4,Y,Y,J,0,0.45338081574255773,0.4403778061649704,0.25,0.39864729933032717,47
5,Y,Y,K,0,0.44888016103298733,0.457903247331054,0.28512923730805345,0.3522477322003127,47
6,X,X,F,1,0.4348162153019506,0.44298316146653466,0.25330109253791233,0.3250899633969322,47
7,X,Y,J,0,0.4114814891955163,0.4513087656795073,0.26608236186916917,0.34898031714213357,47
8,X,X,D,1,0.40685537003362465,0.44676790197295985,0.2663539726388549,0.33934633460259084,47
9,X,X,D,0,0.4264528034135852,0.4573791916014596,0.25,0.35295756115747406,47
10,Y,Y,K,1,0.3748422338615349,0.45339811917981854,0.27444787173853147,0.42160208003424693,47
11,Y,Y,K,1,0.3641294586240426,0.4152487920573726,0.2781780980969121,0.4092472070507084,47
12,X,X,F,0,0.338213159790593,0.3619792170133673,0.26475368912508956,0.4131651856104626,47
13,X,Y,K,0,0.2833457133842374,0.35962119739551035,0.27725718759012485,0.42311425187769763,47
14,X,X,D,0,0.2990827564368073,0.3360922582190432,0.2870787515943701,0.4174843386581181,47
15,Y,Y,J,1,0.32972502635275447,0.32753746843793113,0.2855609300421223,0.43395305439717985,47
16,Y,Y,K,0,0.33228258487922063,0.33693854285244923,0.27337402156865265,0.39521158641706866,47
17,Y,Y,K,1,0.3175745429661002,0.314500903290583,0.2745320314607631,0.4074952515306456,47
18,X,X,F,0,0.32014852876169053,0.3124663066493198,0.28796674580806536,0.4177621911373296,47
19,X,X,F,0,0.3422736485979926,0.29505681560132835,0.25,0.42258239553191523,47
0,X,X,D,0,0.458183268999455,0.25752466200666124,0.370533495511486,0.5624879359492836,48
1,X,X,D,0,0.43895540259929,0.2501378241566888,0.4024545577781364,0.5777802419356911,48
2,Y,Y,J,0,0.41697650560113564,0.25,0.4238389329099747,0.550298521875819,48
3,X,X,F,0,0.4410177630946254,0.25,0.40494539030419946,0.5717477361913142,48
4,X,Y,J,1,0.4779022787217648,0.28434279152362274,0.3767209307438236,0.5722934591267217,48
5,Y,Y,J,1,0.49429788963609755,0.25,0.3538886180819599,0.5305519289263172,48
6,X,X,F,0,0.48843966692364127,0.25,0.36717110594676494,0.49960892568539417,48
7,Y,X,F,0,0.4696488752683696,0.25,0.3939584384537664,0.5218022919111988,48
8,Y,Y,K,0,0.4945689367408375,0.25,0.394796709637227,0.5443192507961824,48
9,Y,Y,J,0,0.43720525054269516,0.2640578258914534,0.4031442124802035,0.5560362300350149,48
10,Y,Y,K,1,0.4278201519782715,0.25,0.3803608444490433,0.5514615263960615,48
11,Y,Y,K,0,0.3834868571511538,0.27198460050456436,0.4077641148659573,0.5305413298293135,48
12,Y,Y,K,1,0.367916616710624,0.2582466060903914,0.4079857657393696,0.5477445492409095,48
13,Y,Y,J,1,0.3545655609881297,0.27565007412700315,0.41632228007142047,0.5384395997784175,48
14,Y,X,D,0,0.32953665146493605,0.30135103922427875,0.4376439226637298,0.5942658866107613,48
15,Y,Y,J,0,0.3019036639962198,0.3104455894153706,0.4022944374584322,0.5587653053121668,48
16,Y,Y,J,1,0.3014089392341154,0.3520221933477782,0.415616581230679,0.5503790141084072,48
17,Y,Y,J,1,0.2939946564690447,0.35381609935233976,0.41547447533337606,0.5566909939320941,48
18,Y,Y,J,0,0.28290541795645086,0.39173575375715664,0.41945139941502524,0.574642552591091,48
19,Y,X,F,0,0.25506781964034514,0.39239256643413506,0.42991566005495563,0.5359888633802721,48
0,X,Y,J,1,0.3206620635769139,0.462126726167635,0.6591398510016135,0.35661416247945626,49
1,X,X,F,0,0.3275023451234957,0.4172483638020344,0.6801726621713161,0.3143157974862755,49
2,Y,Y,J,0,0.3386876935301449,0.40340061245217074,0.6619507473806442,0.31573568122064627,49
3,Y,Y,K,0,0.34306430715839425,0.4521978972168656,0.7053845459332321,0.329681660272685,49
4,X,X,F,1,0.2828142181626075,0.47342485554185093,0.7013603758929968,0.28039270708027275,49
5,X,X,F,1,0.2931709164963881,0.47653657076620237,0.714680603872512,0.30899212090579253,49
6,X,X,F,1,0.29255245645056216,0.5189245015431636,0.7451320979214756,0.2892144508096667,49
7,X,X,F,0,0.2967967584593466,0.5382610502683407,0.722944796155697,0.29930194810725697,49
8,X,X,F,1,0.2928050106154077,0.5339014255069626,0.7125795637487743,0.3481075794629634,49
9,X,Y,J,0,0.2877892565721341,0.5337008750149416,0.7068118991576544,0.3470947538713324,49
10,X,Y,J,1,0.2699942490203363,0.5243634228131135,0.733593796392195,0.29480446155009876,49
11,X,X,F,0,0.25,0.4910116032604409,0.7223358953463245,0.29873836260471415,49
12,X,X,D,0,0.26625296934618964,0.4585022348184126,0.6886991630145438,0.33917892944932826,49
13,X,X,F,1,0.27071414430530716,0.4546302008153055,0.7200965676762742,0.3622139231051256,49
14,X,X,F,0,0.25,0.47377104425476574,0.7329653316170539,0.3225611742087249,49
15,X,X,D,1,0.27266867125063743,0.4689089157913452,0.7200534330711211,0.3070118850804285,49
16,X,X,F,1,0.25,0.4611955259208052,0.7215324380751295,0.27532416262725345,49
17,X,X,D,1,0.25673406371421426,0.4476807703199736,0.7050518478705543,0.34717007186794024,49
18,X,Y,J,0,0.25,0.46257402094812194,0.697609316117646,0.36265021964046235,49
19,X,Y,J,1,0.26381785945116576,0.46930180916383823,0.70618847692615,0.3699321186170535,49
