run,trial,task,mean0,mean1,reward0,reward1,choice,reward
0,0,1,0.25,0.25,0.0,0.0,0,0.0
0,1,4,0.75,0.75,1.0,1.0,1,1.0
0,2,2,0.25,0.75,0.0,1.0,1,1.0
0,3,1,0.25,0.25,0.0,0.0,1,0.0
0,4,2,0.25,0.75,0.0,1.0,1,1.0
0,5,3,0.75,0.25,0.0,0.0,0,0.0
0,6,4,0.75,0.75,1.0,1.0,1,1.0
0,7,3,0.75,0.25,1.0,0.0,1,0.0
0,8,4,0.75,0.75,1.0,1.0,1,1.0
0,9,2,0.25,0.75,0.0,0.0,1,0.0
0,10,1,0.25,0.25,0.0,0.0,1,0.0
0,11,1,0.25,0.25,0.0,0.0,1,0.0
0,12,3,0.75,0.25,1.0,0.0,0,1.0
0,13,1,0.25,0.25,0.0,0.0,0,0.0
0,14,3,0.75,0.25,0.0,1.0,0,0.0
0,15,2,0.25,0.75,1.0,1.0,1,1.0
0,16,4,0.75,0.75,1.0,1.0,1,1.0
0,17,3,0.75,0.25,0.0,1.0,0,0.0
0,18,3,0.75,0.25,1.0,0.0,0,1.0
0,19,2,0.25,0.75,0.0,0.0,1,0.0
0,20,2,0.25,0.75,0.0,1.0,1,1.0
0,21,4,0.75,0.75,0.0,0.0,1,0.0
0,22,3,0.75,0.25,1.0,0.0,0,1.0
0,23,2,0.25,0.75,1.0,0.0,1,0.0
0,24,1,0.25,0.25,0.0,0.0,0,0.0
0,25,2,0.25,0.75,0.0,1.0,1,1.0
0,26,4,0.75,0.75,1.0,1.0,1,1.0
0,27,2,0.25,0.75,1.0,1.0,1,1.0
0,28,3,0.75,0.25,1.0,0.0,0,1.0
0,29,1,0.25,0.25,0.0,0.0,1,0.0
0,30,2,0.25,0.75,0.0,0.0,1,0.0
0,31,2,0.25,0.75,0.0,1.0,1,1.0
0,32,3,0.75,0.25,1.0,0.0,0,1.0
0,33,1,0.25,0.25,0.0,0.0,1,0.0
0,34,2,0.25,0.75,0.0,1.0,1,1.0
0,35,2,0.25,0.75,1.0,0.0,1,0.0
0,36,2,0.25,0.75,1.0,1.0,1,1.0
0,37,2,0.25,0.75,0.0,1.0,1,1.0
0,38,3,0.75,0.25,1.0,0.0,0,1.0
0,39,4,0.75,0.75,1.0,0.0,1,0.0
0,40,2,0.25,0.75,0.0,1.0,1,1.0
0,41,1,0.25,0.25,0.0,1.0,1,1.0
0,42,1,0.25,0.25,1.0,0.0,1,0.0
0,43,3,0.75,0.25,1.0,0.0,0,1.0
0,44,4,0.75,0.75,1.0,0.0,1,0.0
0,45,4,0.75,0.75,1.0,1.0,1,1.0
0,46,2,0.25,0.75,0.0,1.0,1,1.0
0,47,2,0.25,0.75,0.0,0.0,1,0.0
0,48,3,0.75,0.25,1.0,1.0,0,1.0
0,49,3,0.75,0.25,1.0,0.0,0,1.0
0,50,3,0.75,0.25,1.0,0.0,0,1.0
0,51,4,0.75,0.75,1.0,0.0,1,0.0
0,52,1,0.25,0.25,1.0,0.0,1,0.0
0,53,4,0.75,0.75,1.0,0.0,1,0.0
0,54,1,0.25,0.25,0.0,1.0,1,1.0
0,55,3,0.75,0.25,1.0,0.0,0,1.0
0,56,1,0.25,0.25,0.0,0.0,1,0.0
0,57,1,0.25,0.25,0.0,0.0,1,0.0
0,58,3,0.75,0.25,1.0,0.0,0,1.0
0,59,4,0.75,0.75,0.0,0.0,1,0.0
0,60,2,0.25,0.75,1.0,1.0,1,1.0
0,61,1,0.25,0.25,0.0,0.0,1,0.0
0,62,4,0.75,0.75,0.0,0.0,1,0.0
0,63,1,0.25,0.25,0.0,1.0,1,1.0
0,64,1,0.25,0.25,1.0,1.0,1,1.0
0,65,4,0.75,0.75,1.0,1.0,1,1.0
0,66,2,0.25,0.75,0.0,1.0,1,1.0
0,67,2,0.25,0.75,0.0,0.0,1,0.0
0,68,4,0.75,0.75,0.0,1.0,1,1.0
0,69,2,0.25,0.75,0.0,1.0,1,1.0
0,70,4,0.75,0.75,1.0,1.0,1,1.0
0,71,4,0.75,0.75,1.0,1.0,1,1.0
0,72,3,0.75,0.25,1.0,0.0,0,1.0
0,73,3,0.75,0.25,1.0,0.0,0,1.0
0,74,1,0.25,0.25,0.0,0.0,1,0.0
0,75,3,0.75,0.25,1.0,0.0,0,1.0
0,76,1,0.25,0.25,1.0,0.0,1,0.0
0,77,1,0.25,0.25,0.0,0.0,1,0.0
0,78,4,0.75,0.75,1.0,1.0,1,1.0
0,79,2,0.25,0.75,1.0,0.0,1,0.0
0,80,3,0.75,0.25,0.0,0.0,0,0.0
0,81,3,0.75,0.25,1.0,1.0,0,1.0
0,82,4,0.75,0.75,0.0,1.0,1,1.0
0,83,3,0.75,0.25,1.0,1.0,0,1.0
0,84,4,0.75,0.75,1.0,1.0,1,1.0
0,85,4,0.75,0.75,1.0,1.0,1,1.0
0,86,2,0.25,0.75,0.0,0.0,1,0.0
0,87,1,0.25,0.25,0.0,0.0,1,0.0
0,88,3,0.75,0.25,1.0,0.0,0,1.0
0,89,4,0.75,0.75,1.0,1.0,1,1.0
0,90,3,0.75,0.25,1.0,1.0,0,1.0
0,91,1,0.25,0.25,1.0,0.0,1,0.0
0,92,1,0.25,0.25,1.0,0.0,1,0.0
0,93,4,0.75,0.75,1.0,1.0,1,1.0
0,94,1,0.25,0.25,0.0,1.0,1,1.0
0,95,4,0.75,0.75,0.0,0.0,1,0.0
1,0,1,0.25,0.25,0.0,0.0,0,0.0
1,1,3,0.75,0.25,1.0,0.0,1,0.0
1,2,2,0.25,0.75,0.0,1.0,0,0.0
1,3,3,0.75,0.25,0.0,0.0,0,0.0
1,4,2,0.25,0.75,0.0,1.0,1,1.0
1,5,3,0.75,0.25,1.0,1.0,1,1.0
1,6,4,0.75,0.75,1.0,0.0,1,0.0
1,7,1,0.25,0.25,1.0,0.0,1,0.0
1,8,3,0.75,0.25,1.0,0.0,1,0.0
1,9,2,0.25,0.75,0.0,1.0,1,1.0
1,10,1,0.25,0.25,0.0,0.0,1,0.0
1,11,1,0.25,0.25,1.0,0.0,0,1.0
1,12,1,0.25,0.25,0.0,0.0,0,0.0
1,13,1,0.25,0.25,0.0,0.0,0,0.0
1,14,3,0.75,0.25,0.0,0.0,1,0.0
1,15,4,0.75,0.75,1.0,1.0,0,1.0
1,16,4,0.75,0.75,0.0,1.0,0,0.0
1,17,4,0.75,0.75,1.0,1.0,0,1.0
1,18,1,0.25,0.25,1.0,0.0,0,1.0
1,19,1,0.25,0.25,0.0,1.0,0,0.0
1,20,2,0.25,0.75,0.0,1.0,1,1.0
1,21,2,0.25,0.75,0.0,1.0,1,1.0
1,22,1,0.25,0.25,1.0,0.0,0,1.0
1,23,3,0.75,0.25,1.0,1.0,1,1.0
1,24,3,0.75,0.25,1.0,0.0,1,0.0
1,25,4,0.75,0.75,1.0,1.0,0,1.0
1,26,4,0.75,0.75,1.0,1.0,0,1.0
1,27,2,0.25,0.75,0.0,1.0,1,1.0
1,28,4,0.75,0.75,1.0,0.0,0,1.0
1,29,2,0.25,0.75,0.0,1.0,1,1.0
1,30,2,0.25,0.75,1.0,0.0,1,0.0
1,31,3,0.75,0.25,1.0,1.0,1,1.0
1,32,1,0.25,0.25,0.0,0.0,0,0.0
1,33,3,0.75,0.25,0.0,0.0,1,0.0
1,34,4,0.75,0.75,1.0,1.0,0,1.0
1,35,4,0.75,0.75,1.0,1.0,0,1.0
1,36,1,0.25,0.25,0.0,0.0,0,0.0
1,37,3,0.75,0.25,1.0,0.0,1,0.0
1,38,1,0.25,0.25,0.0,0.0,0,0.0
1,39,2,0.25,0.75,0.0,0.0,1,0.0
1,40,1,0.25,0.25,0.0,0.0,0,0.0
1,41,1,0.25,0.25,0.0,0.0,0,0.0
1,42,4,0.75,0.75,0.0,0.0,0,0.0
1,43,2,0.25,0.75,1.0,1.0,1,1.0
1,44,4,0.75,0.75,1.0,1.0,0,1.0
1,45,3,0.75,0.25,1.0,0.0,1,0.0
1,46,3,0.75,0.25,1.0,0.0,1,0.0
1,47,4,0.75,0.75,0.0,1.0,0,0.0
1,48,2,0.25,0.75,0.0,1.0,1,1.0
1,49,3,0.75,0.25,1.0,0.0,1,0.0
1,50,2,0.25,0.75,0.0,1.0,1,1.0
1,51,2,0.25,0.75,0.0,0.0,1,0.0
1,52,1,0.25,0.25,0.0,0.0,0,0.0
1,53,4,0.75,0.75,1.0,0.0,0,1.0
1,54,4,0.75,0.75,1.0,1.0,0,1.0
1,55,3,0.75,0.25,1.0,0.0,1,0.0
1,56,1,0.25,0.25,0.0,1.0,0,0.0
1,57,4,0.75,0.75,1.0,0.0,0,1.0
1,58,2,0.25,0.75,1.0,0.0,1,0.0
1,59,3,0.75,0.25,1.0,0.0,1,0.0
1,60,4,0.75,0.75,0.0,1.0,0,0.0
1,61,4,0.75,0.75,1.0,1.0,0,1.0
1,62,3,0.75,0.25,1.0,0.0,1,0.0
1,63,4,0.75,0.75,1.0,1.0,0,1.0
1,64,2,0.25,0.75,0.0,1.0,1,1.0
1,65,2,0.25,0.75,0.0,1.0,1,1.0
1,66,3,0.75,0.25,1.0,1.0,1,1.0
1,67,1,0.25,0.25,0.0,1.0,0,0.0
1,68,3,0.75,0.25,1.0,0.0,1,0.0
1,69,1,0.25,0.25,0.0,1.0,0,0.0
1,70,4,0.75,0.75,1.0,1.0,0,1.0
1,71,4,0.75,0.75,1.0,1.0,0,1.0
1,72,4,0.75,0.75,1.0,1.0,0,1.0
1,73,4,0.75,0.75,1.0,0.0,0,1.0
1,74,3,0.75,0.25,1.0,0.0,1,0.0
1,75,4,0.75,0.75,1.0,1.0,0,1.0
1,76,2,0.25,0.75,0.0,0.0,1,0.0
1,77,3,0.75,0.25,0.0,1.0,1,1.0
1,78,3,0.75,0.25,1.0,0.0,1,0.0
1,79,2,0.25,0.75,1.0,1.0,1,1.0
1,80,3,0.75,0.25,0.0,0.0,1,0.0
1,81,1,0.25,0.25,0.0,1.0,0,0.0
1,82,2,0.25,0.75,0.0,0.0,1,0.0
1,83,2,0.25,0.75,0.0,1.0,1,1.0
1,84,2,0.25,0.75,0.0,1.0,1,1.0
1,85,2,0.25,0.75,0.0,1.0,1,1.0
1,86,4,0.75,0.75,1.0,1.0,0,1.0
1,87,2,0.25,0.75,0.0,0.0,1,0.0
1,88,1,0.25,0.25,0.0,0.0,0,0.0
1,89,1,0.25,0.25,0.0,0.0,0,0.0
1,90,1,0.25,0.25,1.0,0.0,0,1.0
1,91,2,0.25,0.75,1.0,0.0,1,0.0
1,92,1,0.25,0.25,0.0,0.0,0,0.0
1,93,3,0.75,0.25,0.0,1.0,1,1.0
1,94,1,0.25,0.25,1.0,1.0,0,1.0
1,95,3,0.75,0.25,1.0,0.0,1,0.0
2,0,4,0.75,0.75,1.0,1.0,0,1.0
2,1,1,0.25,0.25,0.0,0.0,1,0.0
2,2,2,0.25,0.75,1.0,1.0,1,1.0
2,3,2,0.25,0.75,0.0,1.0,1,1.0
2,4,2,0.25,0.75,0.0,1.0,1,1.0
2,5,2,0.25,0.75,0.0,1.0,1,1.0
2,6,4,0.75,0.75,0.0,1.0,0,0.0
2,7,4,0.75,0.75,1.0,1.0,0,1.0
2,8,2,0.25,0.75,1.0,1.0,1,1.0
2,9,4,0.75,0.75,1.0,1.0,0,1.0
2,10,4,0.75,0.75,1.0,0.0,0,1.0
2,11,2,0.25,0.75,0.0,1.0,1,1.0
2,12,3,0.75,0.25,0.0,0.0,0,0.0
2,13,3,0.75,0.25,0.0,1.0,1,1.0
2,14,1,0.25,0.25,0.0,1.0,0,0.0
2,15,3,0.75,0.25,1.0,0.0,1,0.0
2,16,1,0.25,0.25,0.0,0.0,0,0.0
2,17,1,0.25,0.25,1.0,0.0,1,0.0
2,18,4,0.75,0.75,1.0,0.0,0,1.0
2,19,4,0.75,0.75,1.0,0.0,0,1.0
2,20,1,0.25,0.25,0.0,0.0,0,0.0
2,21,4,0.75,0.75,1.0,0.0,0,1.0
2,22,2,0.25,0.75,0.0,1.0,1,1.0
2,23,4,0.75,0.75,1.0,0.0,0,1.0
2,24,3,0.75,0.25,1.0,0.0,1,0.0
2,25,4,0.75,0.75,0.0,1.0,0,0.0
2,26,2,0.25,0.75,1.0,1.0,1,1.0
2,27,2,0.25,0.75,0.0,1.0,1,1.0
2,28,3,0.75,0.25,1.0,0.0,1,0.0
2,29,2,0.25,0.75,0.0,1.0,1,1.0
2,30,4,0.75,0.75,1.0,1.0,0,1.0
2,31,4,0.75,0.75,1.0,1.0,0,1.0
2,32,1,0.25,0.25,0.0,0.0,0,0.0
2,33,2,0.25,0.75,0.0,0.0,1,0.0
2,34,1,0.25,0.25,1.0,1.0,0,1.0
2,35,2,0.25,0.75,1.0,1.0,1,1.0
2,36,2,0.25,0.75,0.0,1.0,1,1.0
2,37,3,0.75,0.25,1.0,0.0,1,0.0
2,38,1,0.25,0.25,1.0,0.0,0,1.0
2,39,3,0.75,0.25,1.0,0.0,1,0.0
2,40,2,0.25,0.75,0.0,1.0,1,1.0
2,41,3,0.75,0.25,0.0,0.0,1,0.0
2,42,3,0.75,0.25,1.0,0.0,1,0.0
2,43,2,0.25,0.75,0.0,0.0,1,0.0
2,44,4,0.75,0.75,1.0,1.0,0,1.0
2,45,3,0.75,0.25,0.0,0.0,1,0.0
2,46,3,0.75,0.25,0.0,0.0,1,0.0
2,47,3,0.75,0.25,1.0,1.0,1,1.0
2,48,4,0.75,0.75,1.0,1.0,0,1.0
2,49,1,0.25,0.25,1.0,1.0,0,1.0
2,50,3,0.75,0.25,0.0,0.0,1,0.0
2,51,3,0.75,0.25,1.0,1.0,1,1.0
2,52,3,0.75,0.25,1.0,1.0,1,1.0
2,53,4,0.75,0.75,1.0,1.0,0,1.0
2,54,3,0.75,0.25,1.0,0.0,1,0.0
2,55,4,0.75,0.75,1.0,1.0,0,1.0
2,56,2,0.25,0.75,0.0,1.0,1,1.0
2,57,1,0.25,0.25,0.0,0.0,0,0.0
2,58,2,0.25,0.75,0.0,1.0,1,1.0
2,59,1,0.25,0.25,1.0,0.0,0,1.0
2,60,4,0.75,0.75,1.0,1.0,0,1.0
2,61,1,0.25,0.25,0.0,1.0,0,0.0
2,62,2,0.25,0.75,0.0,0.0,1,0.0
2,63,4,0.75,0.75,0.0,1.0,0,0.0
2,64,3,0.75,0.25,1.0,1.0,1,1.0
2,65,3,0.75,0.25,0.0,0.0,1,0.0
2,66,3,0.75,0.25,1.0,0.0,1,0.0
2,67,2,0.25,0.75,1.0,1.0,1,1.0
2,68,1,0.25,0.25,0.0,0.0,0,0.0
2,69,1,0.25,0.25,0.0,0.0,0,0.0
2,70,1,0.25,0.25,1.0,0.0,0,1.0
2,71,1,0.25,0.25,0.0,0.0,0,0.0
2,72,2,0.25,0.75,0.0,1.0,1,1.0
2,73,3,0.75,0.25,1.0,0.0,1,0.0
2,74,3,0.75,0.25,0.0,0.0,1,0.0
2,75,4,0.75,0.75,1.0,1.0,0,1.0
2,76,1,0.25,0.25,0.0,0.0,0,0.0
2,77,4,0.75,0.75,0.0,1.0,0,0.0
2,78,1,0.25,0.25,1.0,0.0,0,1.0
2,79,2,0.25,0.75,1.0,0.0,1,0.0
2,80,4,0.75,0.75,1.0,0.0,0,1.0
2,81,4,0.75,0.75,1.0,1.0,0,1.0
2,82,1,0.25,0.25,0.0,1.0,0,0.0
2,83,1,0.25,0.25,0.0,0.0,0,0.0
2,84,3,0.75,0.25,1.0,1.0,1,1.0
2,85,4,0.75,0.75,1.0,1.0,0,1.0
2,86,2,0.25,0.75,0.0,1.0,1,1.0
2,87,2,0.25,0.75,0.0,1.0,1,1.0
2,88,1,0.25,0.25,0.0,1.0,0,0.0
2,89,3,0.75,0.25,1.0,0.0,1,0.0
2,90,3,0.75,0.25,1.0,0.0,1,0.0
2,91,4,0.75,0.75,0.0,1.0,0,0.0
2,92,1,0.25,0.25,0.0,1.0,0,0.0
2,93,1,0.25,0.25,0.0,1.0,0,0.0
2,94,1,0.25,0.25,0.0,0.0,0,0.0
2,95,2,0.25,0.75,0.0,1.0,1,1.0
3,0,4,0.75,0.75,1.0,1.0,0,1.0
3,1,1,0.25,0.25,0.0,0.0,0,0.0
3,2,1,0.25,0.25,1.0,0.0,1,0.0
3,3,1,0.25,0.25,0.0,0.0,0,0.0
3,4,1,0.25,0.25,0.0,0.0,1,0.0
3,5,3,0.75,0.25,1.0,0.0,1,0.0
3,6,4,0.75,0.75,1.0,1.0,0,1.0
3,7,4,0.75,0.75,1.0,1.0,0,1.0
3,8,1,0.25,0.25,0.0,1.0,1,1.0
3,9,1,0.25,0.25,0.0,0.0,1,0.0
3,10,4,0.75,0.75,0.0,1.0,0,0.0
3,11,1,0.25,0.25,0.0,1.0,1,1.0
3,12,3,0.75,0.25,1.0,0.0,0,1.0
3,13,2,0.25,0.75,0.0,1.0,0,0.0
3,14,4,0.75,0.75,1.0,1.0,0,1.0
3,15,3,0.75,0.25,0.0,0.0,0,0.0
3,16,2,0.25,0.75,0.0,1.0,1,1.0
3,17,4,0.75,0.75,0.0,1.0,0,0.0
3,18,3,0.75,0.25,1.0,0.0,0,1.0
3,19,4,0.75,0.75,1.0,1.0,0,1.0
3,20,1,0.25,0.25,1.0,0.0,1,0.0
3,21,1,0.25,0.25,1.0,1.0,1,1.0
3,22,3,0.75,0.25,0.0,0.0,0,0.0
3,23,2,0.25,0.75,0.0,1.0,1,1.0
3,24,1,0.25,0.25,0.0,0.0,1,0.0
3,25,4,0.75,0.75,0.0,1.0,0,0.0
3,26,1,0.25,0.25,0.0,0.0,1,0.0
3,27,1,0.25,0.25,0.0,1.0,1,1.0
3,28,4,0.75,0.75,0.0,0.0,0,0.0
3,29,2,0.25,0.75,0.0,0.0,1,0.0
3,30,3,0.75,0.25,1.0,0.0,0,1.0
3,31,3,0.75,0.25,1.0,0.0,0,1.0
3,32,4,0.75,0.75,0.0,1.0,0,0.0
3,33,3,0.75,0.25,0.0,1.0,0,0.0
3,34,2,0.25,0.75,1.0,1.0,1,1.0
3,35,1,0.25,0.25,0.0,0.0,1,0.0
3,36,3,0.75,0.25,1.0,1.0,0,1.0
3,37,3,0.75,0.25,1.0,0.0,0,1.0
3,38,3,0.75,0.25,1.0,0.0,0,1.0
3,39,2,0.25,0.75,0.0,1.0,1,1.0
3,40,4,0.75,0.75,1.0,1.0,0,1.0
3,41,3,0.75,0.25,1.0,1.0,0,1.0
3,42,4,0.75,0.75,1.0,1.0,0,1.0
3,43,1,0.25,0.25,0.0,1.0,1,1.0
3,44,3,0.75,0.25,1.0,0.0,0,1.0
3,45,2,0.25,0.75,0.0,1.0,1,1.0
3,46,2,0.25,0.75,0.0,1.0,1,1.0
3,47,3,0.75,0.25,1.0,0.0,0,1.0
3,48,2,0.25,0.75,0.0,0.0,1,0.0
3,49,3,0.75,0.25,1.0,1.0,0,1.0
3,50,1,0.25,0.25,1.0,0.0,1,0.0
3,51,1,0.25,0.25,0.0,1.0,1,1.0
3,52,2,0.25,0.75,0.0,1.0,1,1.0
3,53,1,0.25,0.25,0.0,0.0,1,0.0
3,54,1,0.25,0.25,0.0,1.0,1,1.0
3,55,4,0.75,0.75,1.0,1.0,0,1.0
3,56,2,0.25,0.75,1.0,0.0,1,0.0
3,57,1,0.25,0.25,1.0,1.0,1,1.0
3,58,2,0.25,0.75,0.0,1.0,1,1.0
3,59,4,0.75,0.75,1.0,1.0,0,1.0
3,60,2,0.25,0.75,0.0,1.0,1,1.0
3,61,3,0.75,0.25,1.0,1.0,0,1.0
3,62,2,0.25,0.75,0.0,1.0,1,1.0
3,63,2,0.25,0.75,1.0,1.0,1,1.0
3,64,2,0.25,0.75,0.0,1.0,1,1.0
3,65,3,0.75,0.25,1.0,1.0,0,1.0
3,66,4,0.75,0.75,1.0,1.0,0,1.0
3,67,1,0.25,0.25,0.0,0.0,1,0.0
3,68,3,0.75,0.25,1.0,0.0,0,1.0
3,69,2,0.25,0.75,1.0,0.0,1,0.0
3,70,1,0.25,0.25,0.0,0.0,1,0.0
3,71,3,0.75,0.25,1.0,0.0,0,1.0
3,72,4,0.75,0.75,1.0,1.0,0,1.0
3,73,2,0.25,0.75,0.0,0.0,1,0.0
3,74,2,0.25,0.75,0.0,1.0,1,1.0
3,75,4,0.75,0.75,1.0,1.0,0,1.0
3,76,2,0.25,0.75,0.0,0.0,1,0.0
3,77,4,0.75,0.75,1.0,0.0,0,1.0
3,78,4,0.75,0.75,1.0,1.0,0,1.0
3,79,3,0.75,0.25,1.0,0.0,0,1.0
3,80,2,0.25,0.75,1.0,1.0,1,1.0
3,81,2,0.25,0.75,0.0,1.0,1,1.0
3,82,3,0.75,0.25,1.0,0.0,0,1.0
3,83,4,0.75,0.75,1.0,1.0,0,1.0
3,84,3,0.75,0.25,0.0,0.0,0,0.0
3,85,1,0.25,0.25,1.0,1.0,1,1.0
3,86,4,0.75,0.75,1.0,1.0,0,1.0
3,87,1,0.25,0.25,0.0,0.0,1,0.0
3,88,4,0.75,0.75,1.0,0.0,0,1.0
3,89,3,0.75,0.25,1.0,0.0,0,1.0
3,90,4,0.75,0.75,1.0,1.0,0,1.0
3,91,2,0.25,0.75,0.0,1.0,1,1.0
3,92,1,0.25,0.25,0.0,0.0,1,0.0
3,93,4,0.75,0.75,1.0,1.0,0,1.0
3,94,2,0.25,0.75,0.0,0.0,1,0.0
3,95,3,0.75,0.25,1.0,0.0,0,1.0
4,0,2,0.25,0.75,0.0,1.0,0,0.0
4,1,1,0.25,0.25,0.0,0.0,1,0.0
4,2,2,0.25,0.75,0.0,1.0,1,1.0
4,3,2,0.25,0.75,1.0,1.0,1,1.0
4,4,2,0.25,0.75,1.0,1.0,1,1.0
4,5,2,0.25,0.75,0.0,1.0,1,1.0
4,6,2,0.25,0.75,0.0,0.0,1,0.0
4,7,2,0.25,0.75,0.0,1.0,1,1.0
4,8,1,0.25,0.25,0.0,0.0,0,0.0
4,9,4,0.75,0.75,1.0,1.0,0,1.0
4,10,3,0.75,0.25,1.0,0.0,1,0.0
4,11,4,0.75,0.75,1.0,1.0,0,1.0
4,12,1,0.25,0.25,1.0,0.0,1,0.0
4,13,2,0.25,0.75,0.0,1.0,1,1.0
4,14,2,0.25,0.75,0.0,1.0,1,1.0
4,15,1,0.25,0.25,1.0,0.0,1,0.0
4,16,2,0.25,0.75,0.0,1.0,1,1.0
4,17,1,0.25,0.25,0.0,0.0,0,0.0
4,18,1,0.25,0.25,0.0,0.0,1,0.0
4,19,1,0.25,0.25,0.0,0.0,0,0.0
4,20,2,0.25,0.75,0.0,1.0,1,1.0
4,21,3,0.75,0.25,1.0,0.0,1,0.0
4,22,1,0.25,0.25,0.0,1.0,0,0.0
4,23,3,0.75,0.25,1.0,0.0,0,1.0
4,24,3,0.75,0.25,1.0,0.0,0,1.0
4,25,1,0.25,0.25,1.0,0.0,1,0.0
4,26,3,0.75,0.25,0.0,0.0,0,0.0
4,27,1,0.25,0.25,1.0,0.0,0,1.0
4,28,3,0.75,0.25,1.0,1.0,0,1.0
4,29,4,0.75,0.75,1.0,1.0,0,1.0
4,30,2,0.25,0.75,0.0,0.0,1,0.0
4,31,4,0.75,0.75,0.0,1.0,0,0.0
4,32,3,0.75,0.25,0.0,1.0,0,0.0
4,33,3,0.75,0.25,1.0,0.0,0,1.0
4,34,4,0.75,0.75,1.0,0.0,0,1.0
4,35,4,0.75,0.75,1.0,0.0,0,1.0
4,36,3,0.75,0.25,1.0,0.0,0,1.0
4,37,4,0.75,0.75,1.0,1.0,0,1.0
4,38,3,0.75,0.25,1.0,0.0,0,1.0
4,39,1,0.25,0.25,0.0,0.0,0,0.0
4,40,4,0.75,0.75,1.0,1.0,0,1.0
4,41,3,0.75,0.25,1.0,0.0,0,1.0
4,42,4,0.75,0.75,1.0,1.0,0,1.0
4,43,3,0.75,0.25,1.0,1.0,0,1.0
4,44,2,0.25,0.75,0.0,0.0,1,0.0
4,45,3,0.75,0.25,1.0,0.0,0,1.0
4,46,2,0.25,0.75,0.0,1.0,1,1.0
4,47,1,0.25,0.25,1.0,0.0,0,1.0
4,48,3,0.75,0.25,0.0,0.0,0,0.0
4,49,1,0.25,0.25,0.0,1.0,0,0.0
4,50,4,0.75,0.75,1.0,0.0,0,1.0
4,51,4,0.75,0.75,1.0,0.0,0,1.0
4,52,1,0.25,0.25,1.0,1.0,0,1.0
4,53,3,0.75,0.25,0.0,1.0,0,0.0
4,54,2,0.25,0.75,0.0,1.0,1,1.0
4,55,2,0.25,0.75,0.0,0.0,1,0.0
4,56,3,0.75,0.25,1.0,0.0,0,1.0
4,57,2,0.25,0.75,0.0,1.0,1,1.0
4,58,1,0.25,0.25,0.0,0.0,0,0.0
4,59,4,0.75,0.75,1.0,1.0,0,1.0
4,60,1,0.25,0.25,1.0,1.0,0,1.0
4,61,4,0.75,0.75,1.0,1.0,0,1.0
4,62,1,0.25,0.25,1.0,0.0,0,1.0
4,63,3,0.75,0.25,1.0,0.0,0,1.0
4,64,4,0.75,0.75,1.0,1.0,0,1.0
4,65,1,0.25,0.25,0.0,0.0,0,0.0
4,66,4,0.75,0.75,1.0,0.0,0,1.0
4,67,1,0.25,0.25,1.0,0.0,0,1.0
4,68,2,0.25,0.75,0.0,0.0,1,0.0
4,69,3,0.75,0.25,1.0,1.0,0,1.0
4,70,2,0.25,0.75,1.0,1.0,1,1.0
4,71,1,0.25,0.25,0.0,0.0,0,0.0
4,72,4,0.75,0.75,0.0,1.0,0,0.0
4,73,3,0.75,0.25,1.0,0.0,0,1.0
4,74,3,0.75,0.25,1.0,0.0,0,1.0
4,75,4,0.75,0.75,1.0,1.0,0,1.0
4,76,3,0.75,0.25,1.0,1.0,0,1.0
4,77,2,0.25,0.75,1.0,0.0,1,0.0
4,78,4,0.75,0.75,1.0,1.0,0,1.0
4,79,3,0.75,0.25,1.0,0.0,0,1.0
4,80,2,0.25,0.75,0.0,1.0,1,1.0
4,81,4,0.75,0.75,1.0,1.0,0,1.0
4,82,1,0.25,0.25,0.0,0.0,0,0.0
4,83,3,0.75,0.25,1.0,0.0,0,1.0
4,84,3,0.75,0.25,1.0,0.0,0,1.0
4,85,1,0.25,0.25,1.0,0.0,0,1.0
4,86,1,0.25,0.25,0.0,0.0,0,0.0
4,87,2,0.25,0.75,0.0,1.0,1,1.0
4,88,4,0.75,0.75,1.0,1.0,0,1.0
4,89,1,0.25,0.25,0.0,1.0,0,0.0
4,90,2,0.25,0.75,1.0,1.0,1,1.0
4,91,4,0.75,0.75,1.0,1.0,0,1.0
4,92,4,0.75,0.75,1.0,1.0,0,1.0
4,93,4,0.75,0.75,1.0,1.0,0,1.0
4,94,2,0.25,0.75,0.0,1.0,1,1.0
4,95,4,0.75,0.75,1.0,1.0,0,1.0
5,0,3,0.75,0.25,1.0,0.0,0,1.0
5,1,2,0.25,0.75,0.0,0.0,0,0.0
5,2,3,0.75,0.25,1.0,0.0,0,1.0
5,3,4,0.75,0.75,1.0,1.0,0,1.0
5,4,2,0.25,0.75,0.0,1.0,1,1.0
5,5,1,0.25,0.25,0.0,0.0,1,0.0
5,6,3,0.75,0.25,1.0,1.0,0,1.0
5,7,1,0.25,0.25,1.0,0.0,0,1.0
5,8,2,0.25,0.75,0.0,1.0,1,1.0
5,9,4,0.75,0.75,1.0,1.0,0,1.0
5,10,1,0.25,0.25,0.0,0.0,0,0.0
5,11,4,0.75,0.75,1.0,0.0,0,1.0
5,12,3,0.75,0.25,1.0,0.0,0,1.0
5,13,2,0.25,0.75,0.0,0.0,1,0.0
5,14,2,0.25,0.75,0.0,0.0,1,0.0
5,15,1,0.25,0.25,0.0,0.0,0,0.0
5,16,3,0.75,0.25,1.0,0.0,0,1.0
5,17,2,0.25,0.75,0.0,1.0,1,1.0
5,18,3,0.75,0.25,1.0,0.0,0,1.0
5,19,2,0.25,0.75,0.0,1.0,1,1.0
5,20,3,0.75,0.25,1.0,0.0,0,1.0
5,21,2,0.25,0.75,1.0,0.0,1,0.0
5,22,3,0.75,0.25,0.0,0.0,0,0.0
5,23,1,0.25,0.25,1.0,0.0,0,1.0
5,24,1,0.25,0.25,1.0,0.0,0,1.0
5,25,4,0.75,0.75,1.0,0.0,0,1.0
5,26,2,0.25,0.75,0.0,1.0,1,1.0
5,27,3,0.75,0.25,0.0,0.0,0,0.0
5,28,4,0.75,0.75,0.0,1.0,0,0.0
5,29,3,0.75,0.25,1.0,0.0,0,1.0
5,30,3,0.75,0.25,0.0,1.0,0,0.0
5,31,3,0.75,0.25,1.0,0.0,0,1.0
5,32,1,0.25,0.25,0.0,0.0,0,0.0
5,33,1,0.25,0.25,0.0,1.0,0,0.0
5,34,3,0.75,0.25,1.0,0.0,0,1.0
5,35,4,0.75,0.75,0.0,1.0,0,0.0
5,36,1,0.25,0.25,0.0,0.0,0,0.0
5,37,4,0.75,0.75,1.0,1.0,0,1.0
5,38,2,0.25,0.75,0.0,1.0,1,1.0
5,39,2,0.25,0.75,0.0,0.0,1,0.0
5,40,4,0.75,0.75,0.0,1.0,0,0.0
5,41,2,0.25,0.75,0.0,1.0,1,1.0
5,42,3,0.75,0.25,1.0,1.0,0,1.0
5,43,1,0.25,0.25,1.0,0.0,0,1.0
5,44,3,0.75,0.25,0.0,0.0,0,0.0
5,45,4,0.75,0.75,1.0,0.0,0,1.0
5,46,1,0.25,0.25,0.0,0.0,0,0.0
5,47,1,0.25,0.25,0.0,0.0,0,0.0
5,48,4,0.75,0.75,0.0,1.0,0,0.0
5,49,2,0.25,0.75,0.0,1.0,1,1.0
5,50,4,0.75,0.75,1.0,1.0,0,1.0
5,51,3,0.75,0.25,1.0,1.0,0,1.0
5,52,1,0.25,0.25,0.0,0.0,0,0.0
5,53,4,0.75,0.75,1.0,1.0,0,1.0
5,54,1,0.25,0.25,1.0,0.0,0,1.0
5,55,4,0.75,0.75,1.0,1.0,0,1.0
5,56,1,0.25,0.25,1.0,0.0,0,1.0
5,57,4,0.75,0.75,1.0,0.0,0,1.0
5,58,2,0.25,0.75,0.0,1.0,1,1.0
5,59,4,0.75,0.75,1.0,1.0,0,1.0
5,60,1,0.25,0.25,1.0,1.0,0,1.0
5,61,1,0.25,0.25,1.0,0.0,0,1.0
5,62,2,0.25,0.75,0.0,1.0,1,1.0
5,63,1,0.25,0.25,0.0,0.0,0,0.0
5,64,1,0.25,0.25,0.0,0.0,0,0.0
5,65,4,0.75,0.75,1.0,1.0,0,1.0
5,66,3,0.75,0.25,1.0,0.0,0,1.0
5,67,3,0.75,0.25,1.0,0.0,0,1.0
5,68,3,0.75,0.25,1.0,0.0,0,1.0
5,69,2,0.25,0.75,0.0,1.0,1,1.0
5,70,2,0.25,0.75,0.0,1.0,1,1.0
5,71,4,0.75,0.75,1.0,1.0,0,1.0
5,72,1,0.25,0.25,0.0,0.0,0,0.0
5,73,4,0.75,0.75,1.0,1.0,0,1.0
5,74,2,0.25,0.75,0.0,1.0,1,1.0
5,75,2,0.25,0.75,0.0,1.0,1,1.0
5,76,1,0.25,0.25,1.0,0.0,0,1.0
5,77,1,0.25,0.25,0.0,0.0,0,0.0
5,78,3,0.75,0.25,1.0,0.0,0,1.0
5,79,2,0.25,0.75,0.0,0.0,1,0.0
5,80,4,0.75,0.75,1.0,1.0,0,1.0
5,81,4,0.75,0.75,0.0,1.0,0,0.0
5,82,3,0.75,0.25,0.0,1.0,0,0.0
5,83,2,0.25,0.75,0.0,1.0,1,1.0
5,84,4,0.75,0.75,1.0,1.0,0,1.0
5,85,1,0.25,0.25,0.0,0.0,0,0.0
5,86,3,0.75,0.25,1.0,0.0,0,1.0
5,87,2,0.25,0.75,0.0,0.0,1,0.0
5,88,1,0.25,0.25,0.0,0.0,0,0.0
5,89,3,0.75,0.25,1.0,0.0,0,1.0
5,90,3,0.75,0.25,1.0,1.0,0,1.0
5,91,2,0.25,0.75,1.0,1.0,1,1.0
5,92,4,0.75,0.75,1.0,1.0,0,1.0
5,93,4,0.75,0.75,1.0,1.0,0,1.0
5,94,2,0.25,0.75,0.0,1.0,1,1.0
5,95,4,0.75,0.75,1.0,1.0,0,1.0
6,0,4,0.75,0.75,1.0,1.0,0,1.0
6,1,1,0.25,0.25,0.0,0.0,0,0.0
6,2,4,0.75,0.75,1.0,0.0,0,1.0
6,3,2,0.25,0.75,0.0,1.0,0,0.0
6,4,1,0.25,0.25,0.0,0.0,1,0.0
6,5,1,0.25,0.25,0.0,0.0,0,0.0
6,6,4,0.75,0.75,1.0,1.0,0,1.0
6,7,1,0.25,0.25,0.0,0.0,1,0.0
6,8,1,0.25,0.25,0.0,0.0,0,0.0
6,9,2,0.25,0.75,0.0,1.0,1,1.0
6,10,4,0.75,0.75,1.0,0.0,0,1.0
6,11,2,0.25,0.75,0.0,1.0,1,1.0
6,12,1,0.25,0.25,0.0,0.0,1,0.0
6,13,2,0.25,0.75,0.0,1.0,1,1.0
6,14,4,0.75,0.75,0.0,1.0,0,0.0
6,15,3,0.75,0.25,1.0,1.0,0,1.0
6,16,1,0.25,0.25,0.0,0.0,0,0.0
6,17,1,0.25,0.25,1.0,1.0,1,1.0
6,18,3,0.75,0.25,1.0,0.0,0,1.0
6,19,2,0.25,0.75,0.0,0.0,1,0.0
6,20,4,0.75,0.75,1.0,1.0,0,1.0
6,21,2,0.25,0.75,0.0,1.0,1,1.0
6,22,2,0.25,0.75,0.0,0.0,1,0.0
6,23,1,0.25,0.25,0.0,0.0,1,0.0
6,24,1,0.25,0.25,0.0,1.0,1,1.0
6,25,4,0.75,0.75,0.0,1.0,0,0.0
6,26,2,0.25,0.75,0.0,1.0,1,1.0
6,27,1,0.25,0.25,1.0,0.0,1,0.0
6,28,3,0.75,0.25,1.0,0.0,0,1.0
6,29,3,0.75,0.25,1.0,1.0,0,1.0
6,30,2,0.25,0.75,0.0,1.0,1,1.0
6,31,4,0.75,0.75,0.0,0.0,0,0.0
6,32,1,0.25,0.25,0.0,0.0,1,0.0
6,33,3,0.75,0.25,1.0,0.0,0,1.0
6,34,2,0.25,0.75,1.0,1.0,1,1.0
6,35,2,0.25,0.75,0.0,1.0,1,1.0
6,36,1,0.25,0.25,1.0,0.0,1,0.0
6,37,2,0.25,0.75,0.0,1.0,1,1.0
6,38,4,0.75,0.75,1.0,1.0,0,1.0
6,39,4,0.75,0.75,1.0,1.0,0,1.0
6,40,4,0.75,0.75,1.0,1.0,0,1.0
6,41,3,0.75,0.25,1.0,1.0,0,1.0
6,42,1,0.25,0.25,0.0,0.0,1,0.0
6,43,1,0.25,0.25,0.0,0.0,1,0.0
6,44,3,0.75,0.25,1.0,0.0,0,1.0
6,45,1,0.25,0.25,0.0,0.0,1,0.0
6,46,4,0.75,0.75,1.0,1.0,0,1.0
6,47,3,0.75,0.25,1.0,0.0,0,1.0
6,48,4,0.75,0.75,1.0,0.0,0,1.0
6,49,3,0.75,0.25,1.0,0.0,0,1.0
6,50,3,0.75,0.25,0.0,0.0,0,0.0
6,51,2,0.25,0.75,0.0,1.0,1,1.0
6,52,2,0.25,0.75,0.0,0.0,1,0.0
6,53,3,0.75,0.25,1.0,0.0,0,1.0
6,54,2,0.25,0.75,0.0,0.0,1,0.0
6,55,2,0.25,0.75,0.0,1.0,1,1.0
6,56,3,0.75,0.25,1.0,0.0,0,1.0
6,57,2,0.25,0.75,0.0,1.0,1,1.0
6,58,2,0.25,0.75,1.0,1.0,1,1.0
6,59,4,0.75,0.75,1.0,1.0,0,1.0
6,60,4,0.75,0.75,0.0,0.0,0,0.0
6,61,2,0.25,0.75,0.0,0.0,1,0.0
6,62,1,0.25,0.25,0.0,0.0,1,0.0
6,63,3,0.75,0.25,1.0,0.0,0,1.0
6,64,3,0.75,0.25,1.0,0.0,0,1.0
6,65,4,0.75,0.75,1.0,1.0,0,1.0
6,66,2,0.25,0.75,0.0,1.0,1,1.0
6,67,3,0.75,0.25,1.0,0.0,0,1.0
6,68,4,0.75,0.75,1.0,1.0,0,1.0
6,69,4,0.75,0.75,1.0,1.0,0,1.0
6,70,4,0.75,0.75,1.0,0.0,0,1.0
6,71,2,0.25,0.75,0.0,1.0,1,1.0
6,72,3,0.75,0.25,1.0,1.0,0,1.0
6,73,3,0.75,0.25,1.0,0.0,0,1.0
6,74,1,0.25,0.25,0.0,1.0,1,1.0
6,75,3,0.75,0.25,1.0,1.0,0,1.0
6,76,3,0.75,0.25,1.0,0.0,0,1.0
6,77,4,0.75,0.75,1.0,1.0,0,1.0
6,78,3,0.75,0.25,1.0,0.0,0,1.0
6,79,4,0.75,0.75,1.0,1.0,0,1.0
6,80,1,0.25,0.25,1.0,0.0,1,0.0
6,81,1,0.25,0.25,0.0,0.0,1,0.0
6,82,1,0.25,0.25,0.0,0.0,1,0.0
6,83,2,0.25,0.75,0.0,1.0,1,1.0
6,84,3,0.75,0.25,1.0,0.0,0,1.0
6,85,4,0.75,0.75,1.0,0.0,0,1.0
6,86,2,0.25,0.75,1.0,0.0,1,0.0
6,87,4,0.75,0.75,1.0,1.0,0,1.0
6,88,1,0.25,0.25,0.0,0.0,1,0.0
6,89,1,0.25,0.25,0.0,1.0,1,1.0
6,90,1,0.25,0.25,0.0,0.0,1,0.0
6,91,3,0.75,0.25,1.0,0.0,0,1.0
6,92,3,0.75,0.25,1.0,0.0,0,1.0
6,93,3,0.75,0.25,1.0,0.0,0,1.0
6,94,2,0.25,0.75,0.0,0.0,1,0.0
6,95,4,0.75,0.75,0.0,1.0,0,0.0
7,0,2,0.25,0.75,1.0,1.0,0,1.0
7,1,3,0.75,0.25,0.0,0.0,1,0.0
7,2,2,0.25,0.75,1.0,1.0,0,1.0
7,3,2,0.25,0.75,0.0,0.0,0,0.0
7,4,4,0.75,0.75,1.0,1.0,0,1.0
7,5,4,0.75,0.75,1.0,1.0,0,1.0
7,6,1,0.25,0.25,0.0,0.0,0,0.0
7,7,1,0.25,0.25,1.0,0.0,1,0.0
7,8,1,0.25,0.25,0.0,0.0,0,0.0
7,9,3,0.75,0.25,1.0,0.0,0,1.0
7,10,1,0.25,0.25,1.0,0.0,1,0.0
7,11,2,0.25,0.75,0.0,1.0,0,0.0
7,12,4,0.75,0.75,0.0,1.0,0,0.0
7,13,3,0.75,0.25,1.0,0.0,0,1.0
7,14,1,0.25,0.25,0.0,0.0,0,0.0
7,15,4,0.75,0.75,1.0,1.0,0,1.0
7,16,1,0.25,0.25,0.0,0.0,1,0.0
7,17,3,0.75,0.25,0.0,0.0,0,0.0
7,18,4,0.75,0.75,0.0,1.0,0,0.0
7,19,3,0.75,0.25,0.0,1.0,0,0.0
7,20,2,0.25,0.75,0.0,1.0,0,0.0
7,21,4,0.75,0.75,1.0,1.0,0,1.0
7,22,1,0.25,0.25,0.0,0.0,0,0.0
7,23,2,0.25,0.75,1.0,1.0,0,1.0
7,24,3,0.75,0.25,0.0,0.0,0,0.0
7,25,3,0.75,0.25,1.0,1.0,0,1.0
7,26,3,0.75,0.25,1.0,1.0,0,1.0
7,27,4,0.75,0.75,0.0,1.0,0,0.0
7,28,1,0.25,0.25,0.0,1.0,1,1.0
7,29,4,0.75,0.75,0.0,1.0,0,0.0
7,30,3,0.75,0.25,1.0,1.0,0,1.0
7,31,3,0.75,0.25,1.0,1.0,0,1.0
7,32,4,0.75,0.75,1.0,0.0,0,1.0
7,33,2,0.25,0.75,0.0,1.0,0,0.0
7,34,2,0.25,0.75,0.0,1.0,0,0.0
7,35,3,0.75,0.25,1.0,0.0,0,1.0
7,36,1,0.25,0.25,1.0,0.0,1,0.0
7,37,4,0.75,0.75,1.0,1.0,0,1.0
7,38,3,0.75,0.25,1.0,0.0,0,1.0
7,39,1,0.25,0.25,0.0,1.0,1,1.0
7,40,3,0.75,0.25,0.0,1.0,0,0.0
7,41,2,0.25,0.75,1.0,1.0,0,1.0
7,42,3,0.75,0.25,1.0,0.0,0,1.0
7,43,2,0.25,0.75,1.0,0.0,0,1.0
7,44,4,0.75,0.75,0.0,1.0,0,0.0
7,45,4,0.75,0.75,1.0,1.0,0,1.0
7,46,4,0.75,0.75,1.0,1.0,0,1.0
7,47,1,0.25,0.25,0.0,0.0,1,0.0
7,48,2,0.25,0.75,0.0,0.0,0,0.0
7,49,4,0.75,0.75,1.0,1.0,0,1.0
7,50,1,0.25,0.25,0.0,1.0,1,1.0
7,51,4,0.75,0.75,1.0,1.0,0,1.0
7,52,4,0.75,0.75,0.0,1.0,0,0.0
7,53,2,0.25,0.75,0.0,0.0,0,0.0
7,54,4,0.75,0.75,1.0,1.0,0,1.0
7,55,2,0.25,0.75,0.0,1.0,0,0.0
7,56,2,0.25,0.75,0.0,1.0,0,0.0
7,57,4,0.75,0.75,0.0,1.0,0,0.0
7,58,2,0.25,0.75,1.0,1.0,0,1.0
7,59,1,0.25,0.25,0.0,1.0,1,1.0
7,60,4,0.75,0.75,1.0,1.0,0,1.0
7,61,2,0.25,0.75,0.0,1.0,0,0.0
7,62,2,0.25,0.75,1.0,1.0,0,1.0
7,63,3,0.75,0.25,1.0,0.0,0,1.0
7,64,3,0.75,0.25,1.0,0.0,0,1.0
7,65,2,0.25,0.75,0.0,1.0,0,0.0
7,66,1,0.25,0.25,0.0,0.0,1,0.0
7,67,1,0.25,0.25,1.0,0.0,1,0.0
7,68,1,0.25,0.25,0.0,0.0,1,0.0
7,69,3,0.75,0.25,1.0,0.0,0,1.0
7,70,1,0.25,0.25,0.0,0.0,1,0.0
7,71,1,0.25,0.25,0.0,1.0,1,1.0
7,72,2,0.25,0.75,0.0,1.0,0,0.0
7,73,2,0.25,0.75,1.0,1.0,0,1.0
7,74,1,0.25,0.25,1.0,1.0,1,1.0
7,75,3,0.75,0.25,1.0,0.0,0,1.0
7,76,1,0.25,0.25,0.0,0.0,1,0.0
7,77,1,0.25,0.25,1.0,0.0,1,0.0
7,78,2,0.25,0.75,0.0,1.0,0,0.0
7,79,3,0.75,0.25,0.0,0.0,0,0.0
7,80,4,0.75,0.75,1.0,1.0,0,1.0
7,81,3,0.75,0.25,1.0,1.0,0,1.0
7,82,2,0.25,0.75,0.0,1.0,0,0.0
7,83,4,0.75,0.75,1.0,0.0,0,1.0
7,84,3,0.75,0.25,1.0,1.0,0,1.0
7,85,1,0.25,0.25,0.0,0.0,1,0.0
7,86,4,0.75,0.75,1.0,1.0,0,1.0
7,87,1,0.25,0.25,0.0,0.0,1,0.0
7,88,2,0.25,0.75,0.0,1.0,0,0.0
7,89,2,0.25,0.75,0.0,1.0,0,0.0
7,90,3,0.75,0.25,1.0,0.0,0,1.0
7,91,3,0.75,0.25,1.0,0.0,0,1.0
7,92,4,0.75,0.75,1.0,1.0,0,1.0
7,93,3,0.75,0.25,1.0,0.0,0,1.0
7,94,4,0.75,0.75,0.0,1.0,0,0.0
7,95,1,0.25,0.25,0.0,0.0,1,0.0
8,0,2,0.25,0.75,0.0,1.0,0,0.0
8,1,2,0.25,0.75,1.0,0.0,1,0.0
8,2,3,0.75,0.25,1.0,0.0,0,1.0
8,3,1,0.25,0.25,1.0,1.0,0,1.0
8,4,1,0.25,0.25,0.0,0.0,0,0.0
8,5,4,0.75,0.75,1.0,1.0,0,1.0
8,6,1,0.25,0.25,0.0,0.0,0,0.0
8,7,4,0.75,0.75,0.0,1.0,0,0.0
8,8,4,0.75,0.75,1.0,1.0,0,1.0
8,9,1,0.25,0.25,0.0,1.0,0,0.0
8,10,3,0.75,0.25,1.0,0.0,0,1.0
8,11,3,0.75,0.25,1.0,1.0,0,1.0
8,12,3,0.75,0.25,0.0,0.0,0,0.0
8,13,2,0.25,0.75,1.0,0.0,0,1.0
8,14,4,0.75,0.75,1.0,1.0,0,1.0
8,15,3,0.75,0.25,1.0,0.0,0,1.0
8,16,4,0.75,0.75,1.0,1.0,0,1.0
8,17,1,0.25,0.25,0.0,1.0,0,0.0
8,18,2,0.25,0.75,0.0,0.0,0,0.0
8,19,1,0.25,0.25,0.0,0.0,1,0.0
8,20,4,0.75,0.75,1.0,1.0,0,1.0
8,21,2,0.25,0.75,0.0,1.0,0,0.0
8,22,3,0.75,0.25,1.0,0.0,0,1.0
8,23,3,0.75,0.25,1.0,0.0,0,1.0
8,24,4,0.75,0.75,1.0,0.0,0,1.0
8,25,4,0.75,0.75,0.0,0.0,0,0.0
8,26,2,0.25,0.75,1.0,1.0,0,1.0
8,27,4,0.75,0.75,1.0,0.0,0,1.0
8,28,1,0.25,0.25,0.0,0.0,0,0.0
8,29,3,0.75,0.25,1.0,0.0,0,1.0
8,30,2,0.25,0.75,0.0,1.0,0,0.0
8,31,3,0.75,0.25,1.0,0.0,0,1.0
8,32,4,0.75,0.75,1.0,1.0,0,1.0
8,33,3,0.75,0.25,1.0,0.0,0,1.0
8,34,4,0.75,0.75,0.0,0.0,0,0.0
8,35,4,0.75,0.75,1.0,1.0,0,1.0
8,36,4,0.75,0.75,1.0,1.0,0,1.0
8,37,3,0.75,0.25,1.0,0.0,0,1.0
8,38,3,0.75,0.25,1.0,0.0,0,1.0
8,39,2,0.25,0.75,0.0,1.0,0,0.0
8,40,2,0.25,0.75,0.0,1.0,0,0.0
8,41,2,0.25,0.75,0.0,0.0,0,0.0
8,42,3,0.75,0.25,0.0,1.0,0,0.0
8,43,2,0.25,0.75,1.0,0.0,0,1.0
8,44,3,0.75,0.25,1.0,1.0,0,1.0
8,45,2,0.25,0.75,0.0,1.0,0,0.0
8,46,2,0.25,0.75,0.0,1.0,0,0.0
8,47,1,0.25,0.25,0.0,0.0,0,0.0
8,48,2,0.25,0.75,0.0,0.0,0,0.0
8,49,3,0.75,0.25,1.0,0.0,0,1.0
8,50,1,0.25,0.25,0.0,0.0,1,0.0
8,51,2,0.25,0.75,1.0,1.0,0,1.0
8,52,2,0.25,0.75,0.0,1.0,0,0.0
8,53,1,0.25,0.25,0.0,0.0,0,0.0
8,54,4,0.75,0.75,1.0,1.0,0,1.0
8,55,3,0.75,0.25,0.0,1.0,0,0.0
8,56,4,0.75,0.75,1.0,1.0,0,1.0
8,57,2,0.25,0.75,0.0,1.0,0,0.0
8,58,3,0.75,0.25,1.0,0.0,0,1.0
8,59,4,0.75,0.75,1.0,1.0,0,1.0
8,60,4,0.75,0.75,1.0,1.0,0,1.0
8,61,3,0.75,0.25,1.0,0.0,0,1.0
8,62,1,0.25,0.25,0.0,0.0,0,0.0
8,63,2,0.25,0.75,1.0,1.0,0,1.0
8,64,3,0.75,0.25,1.0,0.0,0,1.0
8,65,3,0.75,0.25,0.0,1.0,0,0.0
8,66,3,0.75,0.25,1.0,1.0,0,1.0
8,67,1,0.25,0.25,0.0,0.0,0,0.0
8,68,2,0.25,0.75,1.0,1.0,0,1.0
8,69,1,0.25,0.25,1.0,0.0,1,0.0
8,70,1,0.25,0.25,1.0,0.0,0,1.0
8,71,4,0.75,0.75,1.0,1.0,0,1.0
8,72,2,0.25,0.75,0.0,0.0,0,0.0
8,73,4,0.75,0.75,1.0,1.0,0,1.0
8,74,1,0.25,0.25,1.0,0.0,0,1.0
8,75,3,0.75,0.25,1.0,0.0,0,1.0
8,76,1,0.25,0.25,1.0,1.0,0,1.0
8,77,4,0.75,0.75,1.0,1.0,0,1.0
8,78,1,0.25,0.25,1.0,1.0,0,1.0
8,79,1,0.25,0.25,0.0,0.0,0,0.0
8,80,1,0.25,0.25,1.0,0.0,0,1.0
8,81,1,0.25,0.25,1.0,0.0,0,1.0
8,82,4,0.75,0.75,0.0,0.0,0,0.0
8,83,3,0.75,0.25,1.0,1.0,0,1.0
8,84,1,0.25,0.25,0.0,0.0,0,0.0
8,85,4,0.75,0.75,0.0,1.0,0,0.0
8,86,2,0.25,0.75,0.0,1.0,0,0.0
8,87,4,0.75,0.75,1.0,1.0,0,1.0
8,88,2,0.25,0.75,1.0,1.0,0,1.0
8,89,2,0.25,0.75,1.0,1.0,0,1.0
8,90,1,0.25,0.25,0.0,0.0,0,0.0
8,91,3,0.75,0.25,0.0,1.0,0,0.0
8,92,1,0.25,0.25,0.0,0.0,0,0.0
8,93,2,0.25,0.75,0.0,0.0,0,0.0
8,94,4,0.75,0.75,1.0,1.0,0,1.0
8,95,1,0.25,0.25,0.0,1.0,0,0.0
9,0,1,0.25,0.25,0.0,0.0,0,0.0
9,1,3,0.75,0.25,0.0,0.0,1,0.0
9,2,4,0.75,0.75,1.0,1.0,0,1.0
9,3,1,0.25,0.25,0.0,1.0,1,1.0
9,4,3,0.75,0.25,1.0,1.0,0,1.0
9,5,2,0.25,0.75,1.0,1.0,1,1.0
9,6,1,0.25,0.25,0.0,0.0,1,0.0
9,7,2,0.25,0.75,1.0,1.0,1,1.0
9,8,1,0.25,0.25,0.0,0.0,1,0.0
9,9,2,0.25,0.75,1.0,1.0,1,1.0
9,10,3,0.75,0.25,1.0,0.0,0,1.0
9,11,4,0.75,0.75,1.0,1.0,0,1.0
9,12,3,0.75,0.25,1.0,0.0,0,1.0
9,13,4,0.75,0.75,1.0,0.0,0,1.0
9,14,4,0.75,0.75,1.0,1.0,0,1.0
9,15,4,0.75,0.75,1.0,1.0,0,1.0
9,16,3,0.75,0.25,1.0,1.0,0,1.0
9,17,2,0.25,0.75,0.0,1.0,1,1.0
9,18,3,0.75,0.25,1.0,0.0,0,1.0
9,19,4,0.75,0.75,0.0,1.0,0,0.0
9,20,3,0.75,0.25,1.0,1.0,0,1.0
9,21,2,0.25,0.75,0.0,1.0,1,1.0
9,22,2,0.25,0.75,0.0,1.0,1,1.0
9,23,2,0.25,0.75,1.0,1.0,1,1.0
9,24,2,0.25,0.75,0.0,0.0,1,0.0
9,25,3,0.75,0.25,0.0,0.0,0,0.0
9,26,2,0.25,0.75,0.0,1.0,1,1.0
9,27,4,0.75,0.75,0.0,1.0,0,0.0
9,28,2,0.25,0.75,1.0,1.0,1,1.0
9,29,3,0.75,0.25,1.0,0.0,0,1.0
9,30,1,0.25,0.25,0.0,0.0,1,0.0
9,31,2,0.25,0.75,0.0,1.0,1,1.0
9,32,1,0.25,0.25,0.0,0.0,1,0.0
9,33,1,0.25,0.25,1.0,1.0,1,1.0
9,34,1,0.25,0.25,1.0,0.0,1,0.0
9,35,4,0.75,0.75,1.0,1.0,0,1.0
9,36,1,0.25,0.25,0.0,0.0,1,0.0
9,37,1,0.25,0.25,0.0,0.0,1,0.0
9,38,2,0.25,0.75,1.0,0.0,1,0.0
9,39,3,0.75,0.25,1.0,1.0,0,1.0
9,40,1,0.25,0.25,0.0,0.0,1,0.0
9,41,2,0.25,0.75,0.0,0.0,1,0.0
9,42,1,0.25,0.25,1.0,0.0,1,0.0
9,43,2,0.25,0.75,1.0,1.0,1,1.0
9,44,4,0.75,0.75,1.0,1.0,0,1.0
9,45,1,0.25,0.25,0.0,0.0,1,0.0
9,46,2,0.25,0.75,1.0,1.0,1,1.0
9,47,3,0.75,0.25,1.0,0.0,0,1.0
9,48,1,0.25,0.25,0.0,0.0,1,0.0
9,49,1,0.25,0.25,0.0,0.0,1,0.0
9,50,2,0.25,0.75,0.0,1.0,1,1.0
9,51,4,0.75,0.75,1.0,0.0,0,1.0
9,52,2,0.25,0.75,1.0,1.0,1,1.0
9,53,3,0.75,0.25,1.0,1.0,0,1.0
9,54,3,0.75,0.25,1.0,1.0,0,1.0
9,55,3,0.75,0.25,0.0,1.0,0,0.0
9,56,4,0.75,0.75,1.0,1.0,0,1.0
9,57,1,0.25,0.25,1.0,0.0,1,0.0
9,58,4,0.75,0.75,0.0,0.0,0,0.0
9,59,1,0.25,0.25,0.0,0.0,1,0.0
9,60,4,0.75,0.75,1.0,1.0,0,1.0
9,61,1,0.25,0.25,0.0,1.0,1,1.0
9,62,3,0.75,0.25,1.0,0.0,0,1.0
9,63,4,0.75,0.75,1.0,1.0,0,1.0
9,64,1,0.25,0.25,0.0,0.0,1,0.0
9,65,3,0.75,0.25,1.0,1.0,0,1.0
9,66,4,0.75,0.75,0.0,1.0,0,0.0
9,67,3,0.75,0.25,0.0,0.0,0,0.0
9,68,3,0.75,0.25,1.0,1.0,0,1.0
9,69,1,0.25,0.25,0.0,0.0,1,0.0
9,70,2,0.25,0.75,0.0,1.0,1,1.0
9,71,3,0.75,0.25,0.0,0.0,0,0.0
9,72,2,0.25,0.75,0.0,0.0,1,0.0
9,73,4,0.75,0.75,1.0,1.0,0,1.0
9,74,2,0.25,0.75,0.0,1.0,1,1.0
9,75,1,0.25,0.25,1.0,1.0,1,1.0
9,76,4,0.75,0.75,1.0,0.0,0,1.0
9,77,3,0.75,0.25,0.0,0.0,0,0.0
9,78,3,0.75,0.25,1.0,0.0,0,1.0
9,79,4,0.75,0.75,1.0,1.0,0,1.0
9,80,1,0.25,0.25,0.0,0.0,1,0.0
9,81,1,0.25,0.25,0.0,1.0,1,1.0
9,82,4,0.75,0.75,0.0,0.0,0,0.0
9,83,2,0.25,0.75,0.0,1.0,1,1.0
9,84,4,0.75,0.75,0.0,1.0,0,0.0
9,85,4,0.75,0.75,0.0,0.0,0,0.0
9,86,3,0.75,0.25,1.0,0.0,0,1.0
9,87,2,0.25,0.75,0.0,1.0,1,1.0
9,88,3,0.75,0.25,1.0,0.0,0,1.0
9,89,1,0.25,0.25,1.0,0.0,1,0.0
9,90,4,0.75,0.75,1.0,0.0,0,1.0
9,91,2,0.25,0.75,0.0,1.0,1,1.0
9,92,2,0.25,0.75,0.0,1.0,1,1.0
9,93,3,0.75,0.25,0.0,0.0,0,0.0
9,94,4,0.75,0.75,0.0,1.0,0,0.0
9,95,4,0.75,0.75,1.0,1.0,0,1.0
