run,trial,task,choice,reward
0,0,3,0,0.0
0,1,4,1,1.0
0,2,4,1,1.0
0,3,3,0,0.0
0,4,1,1,0.0
0,5,1,0,0.0
0,6,2,0,1.0
0,7,3,0,0.0
0,8,4,1,0.0
0,9,3,1,0.0
0,10,4,0,1.0
0,11,1,0,1.0
0,12,2,0,1.0
0,13,2,0,1.0
0,14,1,0,0.0
0,15,2,1,1.0
0,16,1,1,0.0
0,17,1,0,0.0
0,18,2,1,0.0
0,19,2,0,1.0
0,20,3,0,1.0
0,21,3,0,0.0
0,22,2,0,1.0
0,23,3,1,1.0
0,24,2,0,0.0
0,25,1,1,0.0
0,26,4,0,0.0
0,27,4,1,1.0
0,28,4,1,1.0
0,29,1,1,1.0
0,30,4,0,1.0
0,31,3,1,1.0
0,32,2,0,1.0
0,33,3,1,1.0
0,34,4,0,1.0
0,35,3,1,1.0
0,36,4,0,1.0
0,37,2,0,1.0
0,38,4,0,0.0
0,39,2,0,0.0
0,40,3,1,1.0
0,41,2,1,0.0
0,42,1,1,0.0
0,43,1,0,1.0
0,44,1,0,0.0
0,45,1,1,0.0
0,46,4,0,1.0
0,47,3,1,0.0
0,48,3,0,0.0
0,49,1,0,0.0
0,50,4,0,0.0
0,51,1,1,0.0
0,52,4,0,1.0
0,53,4,0,1.0
0,54,1,0,1.0
0,55,2,0,1.0
0,56,2,0,1.0
0,57,2,0,1.0
0,58,4,0,1.0
0,59,2,0,0.0
0,60,3,1,1.0
0,61,3,1,0.0
0,62,1,0,0.0
0,63,3,1,1.0
0,64,1,1,0.0
0,65,3,1,0.0
0,66,3,0,0.0
0,67,2,0,1.0
0,68,4,0,1.0
0,69,1,1,0.0
0,70,1,0,1.0
0,71,4,0,1.0
0,72,4,0,0.0
0,73,3,1,1.0
0,74,3,1,1.0
0,75,1,0,0.0
0,76,2,0,1.0
0,77,4,0,1.0
0,78,2,0,0.0
0,79,2,0,1.0
0,80,4,0,1.0
0,81,4,0,1.0
0,82,3,1,0.0
0,83,1,0,0.0
0,84,3,0,0.0
0,85,2,0,1.0
0,86,2,0,0.0
0,87,4,0,0.0
0,88,2,1,0.0
0,89,4,0,1.0
0,90,1,1,1.0
0,91,3,0,0.0
0,92,1,1,0.0
0,93,1,1,0.0
0,94,3,1,1.0
0,95,2,0,1.0
1,0,1,1,0.0
1,1,4,1,1.0
1,2,2,0,1.0
1,3,1,0,0.0
1,4,2,1,0.0
1,5,1,1,1.0
1,6,3,0,1.0
1,7,2,0,0.0
1,8,1,1,0.0
1,9,2,0,1.0
1,10,3,0,0.0
1,11,4,1,1.0
1,12,3,1,1.0
1,13,4,1,0.0
1,14,3,1,1.0
1,15,4,1,1.0
1,16,2,0,0.0
1,17,1,1,0.0
1,18,3,1,0.0
1,19,4,1,0.0
1,20,1,1,0.0
1,21,3,1,1.0
1,22,3,1,1.0
1,23,4,1,1.0
1,24,1,0,1.0
1,25,2,0,1.0
1,26,2,0,1.0
1,27,1,0,0.0
1,28,4,1,1.0
1,29,4,1,1.0
1,30,3,1,1.0
1,31,2,0,1.0
1,32,3,1,1.0
1,33,3,1,0.0
1,34,2,0,1.0
1,35,2,0,0.0
1,36,4,1,1.0
1,37,3,1,1.0
1,38,2,0,1.0
1,39,2,0,1.0
1,40,3,1,1.0
1,41,4,1,1.0
1,42,1,0,0.0
1,43,1,0,1.0
1,44,4,1,1.0
1,45,1,0,0.0
1,46,1,0,0.0
1,47,4,1,0.0
1,48,3,1,1.0
1,49,1,0,0.0
1,50,3,1,1.0
1,51,4,1,0.0
1,52,3,1,1.0
1,53,1,0,1.0
1,54,2,0,1.0
1,55,3,1,0.0
1,56,1,1,0.0
1,57,2,0,0.0
1,58,4,1,1.0
1,59,2,0,1.0
1,60,2,0,1.0
1,61,4,1,1.0
1,62,1,0,0.0
1,63,4,1,1.0
1,64,3,1,0.0
1,65,3,1,1.0
1,66,3,1,1.0
1,67,1,0,0.0
1,68,4,1,1.0
1,69,2,0,0.0
1,70,1,0,1.0
1,71,2,0,1.0
1,72,2,0,1.0
1,73,4,1,1.0
1,74,1,1,0.0
1,75,2,0,1.0
1,76,4,1,0.0
1,77,4,1,1.0
1,78,3,1,1.0
1,79,1,1,0.0
1,80,4,1,1.0
1,81,4,1,1.0
1,82,4,1,1.0
1,83,2,0,1.0
1,84,3,1,1.0
1,85,1,1,0.0
1,86,1,0,0.0
1,87,2,0,1.0
1,88,2,0,1.0
1,89,1,0,1.0
1,90,1,0,0.0
1,91,3,1,1.0
1,92,3,1,0.0
1,93,4,1,0.0
1,94,3,1,1.0
1,95,2,0,0.0
2,0,3,1,0.0
2,1,4,0,0.0
2,2,4,1,1.0
2,3,3,0,0.0
2,4,2,1,1.0
2,5,2,1,0.0
2,6,3,0,0.0
2,7,3,1,1.0
2,8,2,1,0.0
2,9,1,1,0.0
2,10,1,0,0.0
2,11,2,1,0.0
2,12,4,0,1.0
2,13,1,1,0.0
2,14,1,1,1.0
2,15,4,0,1.0
2,16,1,1,0.0
2,17,4,0,0.0
2,18,3,1,1.0
2,19,4,0,1.0
2,20,1,1,0.0
2,21,2,1,0.0
2,22,2,1,1.0
2,23,4,0,1.0
2,24,4,0,1.0
2,25,1,1,1.0
2,26,3,1,1.0
2,27,1,1,0.0
2,28,2,1,0.0
2,29,3,1,0.0
2,30,3,1,1.0
2,31,2,0,1.0
2,32,1,1,0.0
2,33,2,0,1.0
2,34,2,0,1.0
2,35,3,1,1.0
2,36,3,1,1.0
2,37,1,0,0.0
2,38,2,0,1.0
2,39,4,1,0.0
2,40,2,0,0.0
2,41,1,1,0.0
2,42,4,1,1.0
2,43,4,1,1.0
2,44,3,1,1.0
2,45,4,1,1.0
2,46,3,1,0.0
2,47,1,1,1.0
2,48,1,1,0.0
2,49,3,1,1.0
2,50,2,0,1.0
2,51,1,1,1.0
2,52,4,1,0.0
2,53,3,1,1.0
2,54,2,0,0.0
2,55,1,1,0.0
2,56,3,1,1.0
2,57,4,1,1.0
2,58,2,0,1.0
2,59,2,0,1.0
2,60,4,1,1.0
2,61,3,1,0.0
2,62,1,1,0.0
2,63,4,1,1.0
2,64,2,0,1.0
2,65,3,1,1.0
2,66,4,1,1.0
2,67,4,1,1.0
2,68,2,0,0.0
2,69,3,1,1.0
2,70,1,1,0.0
2,71,1,1,0.0
2,72,3,1,1.0
2,73,2,0,1.0
2,74,4,1,1.0
2,75,1,0,0.0
2,76,1,1,1.0
2,77,4,1,0.0
2,78,2,0,1.0
2,79,3,1,0.0
2,80,2,0,0.0
2,81,4,1,1.0
2,82,4,1,1.0
2,83,2,0,1.0
2,84,2,0,1.0
2,85,4,1,0.0
2,86,3,1,1.0
2,87,2,0,1.0
2,88,4,1,1.0
2,89,3,1,0.0
2,90,3,1,1.0
2,91,1,1,0.0
2,92,1,1,1.0
2,93,3,1,1.0
2,94,1,1,0.0
2,95,1,0,0.0
3,0,1,0,0.0
3,1,1,0,0.0
3,2,1,1,0.0
3,3,1,0,1.0
3,4,2,0,1.0
3,5,3,1,0.0
3,6,3,0,0.0
3,7,2,0,1.0
3,8,4,1,0.0
3,9,3,0,0.0
3,10,2,0,1.0
3,11,4,1,1.0
3,12,4,1,1.0
3,13,3,0,0.0
3,14,2,0,0.0
3,15,4,1,1.0
3,16,4,1,0.0
3,17,2,0,1.0
3,18,1,0,0.0
3,19,2,0,1.0
3,20,4,1,1.0
3,21,1,0,0.0
3,22,3,0,0.0
3,23,1,1,0.0
3,24,2,1,1.0
3,25,3,1,0.0
3,26,3,1,1.0
3,27,3,0,0.0
3,28,2,0,1.0
3,29,4,1,1.0
3,30,1,0,1.0
3,31,4,1,1.0
3,32,4,0,0.0
3,33,3,0,1.0
3,34,2,1,1.0
3,35,1,0,0.0
3,36,3,0,0.0
3,37,1,0,1.0
3,38,2,1,0.0
3,39,4,1,1.0
3,40,3,0,0.0
3,41,4,1,1.0
3,42,2,0,1.0
3,43,2,1,0.0
3,44,4,1,1.0
3,45,1,0,0.0
3,46,3,1,1.0
3,47,1,0,0.0
3,48,1,0,0.0
3,49,2,0,1.0
3,50,2,1,0.0
3,51,3,1,0.0
3,52,2,1,0.0
3,53,4,1,0.0
3,54,1,0,0.0
3,55,4,1,1.0
3,56,3,0,0.0
3,57,3,1,1.0
3,58,1,0,0.0
3,59,4,1,1.0
3,60,3,0,0.0
3,61,2,0,0.0
3,62,4,1,1.0
3,63,1,0,1.0
3,64,3,0,1.0
3,65,3,1,1.0
3,66,4,1,1.0
3,67,1,0,0.0
3,68,1,1,0.0
3,69,3,0,0.0
3,70,1,0,0.0
3,71,4,1,1.0
3,72,2,0,1.0
3,73,2,0,1.0
3,74,4,1,1.0
3,75,1,0,1.0
3,76,3,1,1.0
3,77,2,0,1.0
3,78,4,1,0.0
3,79,2,0,0.0
3,80,1,0,0.0
3,81,1,0,0.0
3,82,1,1,0.0
3,83,3,1,1.0
3,84,2,0,1.0
3,85,3,1,0.0
3,86,2,0,1.0
3,87,4,1,0.0
3,88,4,1,1.0
3,89,3,0,0.0
3,90,2,0,1.0
3,91,3,1,1.0
3,92,4,1,1.0
3,93,4,1,1.0
3,94,2,0,0.0
3,95,1,0,1.0
4,0,3,1,1.0
4,1,2,1,0.0
4,2,4,0,1.0
4,3,3,1,1.0
4,4,2,1,0.0
4,5,1,0,0.0
4,6,4,0,1.0
4,7,4,0,0.0
4,8,4,0,1.0
4,9,1,1,1.0
4,10,2,0,0.0
4,11,3,1,1.0
4,12,2,0,1.0
4,13,1,1,0.0
4,14,3,1,0.0
4,15,1,0,0.0
4,16,3,1,1.0
4,17,1,0,0.0
4,18,2,1,0.0
4,19,4,0,1.0
4,20,1,1,0.0
4,21,1,1,1.0
4,22,4,0,1.0
4,23,2,0,0.0
4,24,1,1,0.0
4,25,2,1,0.0
4,26,4,0,1.0
4,27,3,1,1.0
4,28,4,1,0.0
4,29,3,1,1.0
4,30,3,1,0.0
4,31,2,0,1.0
4,32,1,1,1.0
4,33,4,0,1.0
4,34,2,0,1.0
4,35,3,1,1.0
4,36,3,0,1.0
4,37,1,1,0.0
4,38,4,0,0.0
4,39,1,1,0.0
4,40,3,1,1.0
4,41,2,0,0.0
4,42,4,0,1.0
4,43,2,0,1.0
4,44,3,1,1.0
4,45,1,1,0.0
4,46,2,0,1.0
4,47,4,0,1.0
4,48,3,1,1.0
4,49,3,0,1.0
4,50,1,1,0.0
4,51,1,1,0.0
4,52,2,0,1.0
4,53,3,1,1.0
4,54,4,0,1.0
4,55,2,0,1.0
4,56,2,1,0.0
4,57,3,1,1.0
4,58,4,0,1.0
4,59,4,1,1.0
4,60,2,0,0.0
4,61,1,1,1.0
4,62,1,0,0.0
4,63,4,0,0.0
4,64,3,1,1.0
4,65,1,1,1.0
4,66,4,0,1.0
4,67,3,1,1.0
4,68,1,1,0.0
4,69,3,1,0.0
4,70,3,1,1.0
4,71,2,0,1.0
4,72,2,0,1.0
4,73,4,0,0.0
4,74,2,0,1.0
4,75,1,1,0.0
4,76,4,0,1.0
4,77,2,0,0.0
4,78,4,0,1.0
4,79,1,0,0.0
4,80,2,0,1.0
4,81,1,1,0.0
4,82,3,1,0.0
4,83,2,1,0.0
4,84,2,1,0.0
4,85,1,1,0.0
4,86,3,1,1.0
4,87,2,1,1.0
4,88,4,0,1.0
4,89,4,0,0.0
4,90,3,1,1.0
4,91,4,0,1.0
4,92,1,1,1.0
4,93,3,1,1.0
4,94,4,0,1.0
4,95,1,0,0.0
5,0,3,0,0.0
5,1,4,0,1.0
5,2,1,1,1.0
5,3,1,1,0.0
5,4,4,0,0.0
5,5,2,1,0.0
5,6,4,0,1.0
5,7,4,0,1.0
5,8,3,1,1.0
5,9,1,0,0.0
5,10,2,0,1.0
5,11,1,1,0.0
5,12,3,0,1.0
5,13,2,0,1.0
5,14,2,0,0.0
5,15,3,0,0.0
5,16,4,0,1.0
5,17,1,1,1.0
5,18,3,1,1.0
5,19,2,0,1.0
5,20,2,1,0.0
5,21,3,0,0.0
5,22,1,1,0.0
5,23,2,0,0.0
5,24,4,0,1.0
5,25,1,0,0.0
5,26,4,0,0.0
5,27,1,1,0.0
5,28,4,0,1.0
5,29,3,1,1.0
5,30,3,1,0.0
5,31,2,0,1.0
5,32,2,0,0.0
5,33,2,0,1.0
5,34,3,1,0.0
5,35,4,0,1.0
5,36,3,1,1.0
5,37,1,0,0.0
5,38,4,0,1.0
5,39,4,0,0.0
5,40,3,1,1.0
5,41,2,0,1.0
5,42,1,1,1.0
5,43,1,1,0.0
5,44,4,0,1.0
5,45,3,1,1.0
5,46,2,0,1.0
5,47,1,1,0.0
5,48,2,0,1.0
5,49,1,1,0.0
5,50,1,1,0.0
5,51,1,1,0.0
5,52,4,0,0.0
5,53,1,1,1.0
5,54,3,1,0.0
5,55,2,0,1.0
5,56,2,0,1.0
5,57,3,1,1.0
5,58,4,0,1.0
5,59,3,1,1.0
5,60,4,0,1.0
5,61,3,1,1.0
5,62,2,0,0.0
5,63,4,0,1.0
5,64,2,0,0.0
5,65,1,1,1.0
5,66,4,0,1.0
5,67,2,1,0.0
5,68,1,1,0.0
5,69,4,0,1.0
5,70,1,1,0.0
5,71,4,0,0.0
5,72,1,1,0.0
5,73,2,0,1.0
5,74,4,0,1.0
5,75,3,1,0.0
5,76,3,0,0.0
5,77,3,1,1.0
5,78,3,1,1.0
5,79,2,1,0.0
5,80,1,1,0.0
5,81,2,0,1.0
5,82,2,0,1.0
5,83,4,0,0.0
5,84,4,0,1.0
5,85,1,0,1.0
5,86,4,0,1.0
5,87,1,0,0.0
5,88,2,0,0.0
5,89,1,1,0.0
5,90,2,0,1.0
5,91,3,1,1.0
5,92,3,1,1.0
5,93,3,1,1.0
5,94,4,0,1.0
5,95,3,1,0.0
6,0,2,1,0.0
6,1,2,0,1.0
6,2,2,0,0.0
6,3,4,1,1.0
6,4,4,1,1.0
6,5,1,0,0.0
6,6,2,0,1.0
6,7,1,0,0.0
6,8,3,1,0.0
6,9,4,0,1.0
6,10,3,0,0.0
6,11,1,1,1.0
6,12,1,1,0.0
6,13,4,0,0.0
6,14,3,0,0.0
6,15,3,1,1.0
6,16,4,0,0.0
6,17,4,1,1.0
6,18,3,1,1.0
6,19,2,0,1.0
6,20,1,1,0.0
6,21,3,1,1.0
6,22,3,0,1.0
6,23,2,1,0.0
6,24,1,1,1.0
6,25,2,0,1.0
6,26,1,1,0.0
6,27,3,1,1.0
6,28,4,0,1.0
6,29,1,1,0.0
6,30,4,0,1.0
6,31,2,0,0.0
6,32,4,1,1.0
6,33,4,1,1.0
6,34,3,1,1.0
6,35,1,0,0.0
6,36,1,1,0.0
6,37,1,0,1.0
6,38,2,0,1.0
6,39,1,0,0.0
6,40,4,0,0.0
6,41,2,0,0.0
6,42,2,1,0.0
6,43,3,1,1.0
6,44,4,0,1.0
6,45,3,1,0.0
6,46,3,0,0.0
6,47,2,0,0.0
6,48,2,1,0.0
6,49,4,0,1.0
6,50,1,1,0.0
6,51,1,0,1.0
6,52,4,0,0.0
6,53,1,1,0.0
6,54,3,1,1.0
6,55,2,0,1.0
6,56,2,0,1.0
6,57,4,0,1.0
6,58,3,1,1.0
6,59,3,1,0.0
6,60,2,0,0.0
6,61,3,1,1.0
6,62,1,0,0.0
6,63,4,0,1.0
6,64,3,1,1.0
6,65,4,0,1.0
6,66,4,0,0.0
6,67,2,0,1.0
6,68,3,1,0.0
6,69,1,0,1.0
6,70,4,0,1.0
6,71,3,1,1.0
6,72,1,0,0.0
6,73,4,0,1.0
6,74,2,0,0.0
6,75,3,1,1.0
6,76,2,0,1.0
6,77,2,0,1.0
6,78,1,0,0.0
6,79,1,1,0.0
6,80,2,0,1.0
6,81,2,0,1.0
6,82,4,0,1.0
6,83,3,1,0.0
6,84,2,0,0.0
6,85,1,1,0.0
6,86,3,1,1.0
6,87,1,0,0.0
6,88,3,1,1.0
6,89,3,1,1.0
6,90,4,0,1.0
6,91,2,0,1.0
6,92,4,1,0.0
6,93,4,0,1.0
6,94,1,0,1.0
6,95,1,0,0.0
7,0,2,0,1.0
7,1,3,1,1.0
7,2,2,0,0.0
7,3,4,1,1.0
7,4,3,1,1.0
7,5,1,0,1.0
7,6,4,1,1.0
7,7,2,0,1.0
7,8,2,0,1.0
7,9,3,1,1.0
7,10,4,1,0.0
7,11,4,1,1.0
7,12,3,1,0.0
7,13,1,0,0.0
7,14,1,0,0.0
7,15,1,1,0.0
7,16,3,0,0.0
7,17,4,1,0.0
7,18,4,0,1.0
7,19,3,0,1.0
7,20,1,0,0.0
7,21,2,0,1.0
7,22,4,1,1.0
7,23,2,0,1.0
7,24,1,0,0.0
7,25,1,1,0.0
7,26,2,0,0.0
7,27,2,0,1.0
7,28,1,1,1.0
7,29,3,0,0.0
7,30,3,1,1.0
7,31,4,1,1.0
7,32,2,0,1.0
7,33,3,1,1.0
7,34,4,1,1.0
7,35,1,1,0.0
7,36,4,1,1.0
7,37,3,1,0.0
7,38,1,0,1.0
7,39,1,1,0.0
7,40,2,0,1.0
7,41,2,0,0.0
7,42,3,1,1.0
7,43,3,1,1.0
7,44,1,0,0.0
7,45,4,1,0.0
7,46,4,1,1.0
7,47,2,0,1.0
7,48,4,1,0.0
7,49,1,0,0.0
7,50,4,1,1.0
7,51,1,0,0.0
7,52,1,0,0.0
7,53,3,1,1.0
7,54,3,1,1.0
7,55,3,0,0.0
7,56,2,0,1.0
7,57,2,0,0.0
7,58,2,0,1.0
7,59,4,1,1.0
7,60,4,1,1.0
7,61,1,1,1.0
7,62,2,1,0.0
7,63,3,1,0.0
7,64,4,1,1.0
7,65,2,0,0.0
7,66,2,0,1.0
7,67,3,1,0.0
7,68,3,0,0.0
7,69,2,0,1.0
7,70,4,1,0.0
7,71,3,1,1.0
7,72,1,0,0.0
7,73,2,0,1.0
7,74,4,1,1.0
7,75,3,1,1.0
7,76,1,0,0.0
7,77,1,0,0.0
7,78,1,1,1.0
7,79,4,1,1.0
7,80,2,0,1.0
7,81,4,1,0.0
7,82,4,0,1.0
7,83,3,1,1.0
7,84,4,1,1.0
7,85,3,1,1.0
7,86,2,0,0.0
7,87,3,1,1.0
7,88,1,0,0.0
7,89,1,1,0.0
7,90,4,1,1.0
7,91,1,1,1.0
7,92,2,0,1.0
7,93,3,1,0.0
7,94,2,0,1.0
7,95,1,1,0.0
8,0,4,0,1.0
8,1,1,1,0.0
8,2,3,0,0.0
8,3,2,0,1.0
8,4,2,0,1.0
8,5,1,1,1.0
8,6,4,0,1.0
8,7,4,0,0.0
8,8,4,1,1.0
8,9,2,0,0.0
8,10,1,1,0.0
8,11,3,0,0.0
8,12,3,0,0.0
8,13,1,1,0.0
8,14,2,1,0.0
8,15,3,1,0.0
8,16,1,0,1.0
8,17,3,0,0.0
8,18,1,0,0.0
8,19,3,0,0.0
8,20,2,0,1.0
8,21,2,0,0.0
8,22,2,0,1.0
8,23,4,1,1.0
8,24,1,0,0.0
8,25,4,0,0.0
8,26,4,1,1.0
8,27,4,1,1.0
8,28,3,0,0.0
8,29,1,0,0.0
8,30,3,0,1.0
8,31,2,0,1.0
8,32,4,1,1.0
8,33,4,1,1.0
8,34,1,0,0.0
8,35,3,0,1.0
8,36,3,0,0.0
8,37,1,0,0.0
8,38,3,0,0.0
8,39,2,0,1.0
8,40,2,0,1.0
8,41,2,0,1.0
8,42,4,1,1.0
8,43,1,0,0.0
8,44,2,0,0.0
8,45,4,1,0.0
8,46,1,0,1.0
8,47,3,0,0.0
8,48,1,0,0.0
8,49,4,1,0.0
8,50,1,0,0.0
8,51,2,0,1.0
8,52,2,0,0.0
8,53,2,0,1.0
8,54,3,0,0.0
8,55,1,0,1.0
8,56,1,0,0.0
8,57,3,0,0.0
8,58,2,0,1.0
8,59,3,0,0.0
8,60,4,1,1.0
8,61,3,1,0.0
8,62,4,1,1.0
8,63,4,1,1.0
8,64,1,1,0.0
8,65,2,0,1.0
8,66,3,1,0.0
8,67,2,0,1.0
8,68,3,0,0.0
8,69,1,0,0.0
8,70,4,1,0.0
8,71,1,1,0.0
8,72,4,1,1.0
8,73,4,1,1.0
8,74,3,0,0.0
8,75,2,0,0.0
8,76,4,1,1.0
8,77,2,0,1.0
8,78,3,0,0.0
8,79,1,0,1.0
8,80,3,0,0.0
8,81,3,0,0.0
8,82,2,0,1.0
8,83,4,1,0.0
8,84,1,0,0.0
8,85,1,0,0.0
8,86,2,0,0.0
8,87,4,1,1.0
8,88,3,1,0.0
8,89,4,1,1.0
8,90,3,1,1.0
8,91,4,1,1.0
8,92,1,1,1.0
8,93,1,1,0.0
8,94,2,0,1.0
8,95,2,0,1.0
9,0,1,1,0.0
9,1,4,1,1.0
9,2,1,0,0.0
9,3,4,0,1.0
9,4,2,1,0.0
9,5,1,0,1.0
9,6,1,0,0.0
9,7,2,0,1.0
9,8,3,1,1.0
9,9,3,1,0.0
9,10,4,0,1.0
9,11,3,0,0.0
9,12,4,1,0.0
9,13,3,0,0.0
9,14,2,0,0.0
9,15,2,1,0.0
9,16,3,0,0.0
9,17,2,0,1.0
9,18,4,1,1.0
9,19,2,0,1.0
9,20,1,0,1.0
9,21,3,0,1.0
9,22,3,1,1.0
9,23,2,0,0.0
9,24,1,1,0.0
9,25,4,0,1.0
9,26,1,1,0.0
9,27,4,0,1.0
9,28,1,0,0.0
9,29,2,1,0.0
9,30,3,0,0.0
9,31,4,1,0.0
9,32,2,0,1.0
9,33,2,0,1.0
9,34,4,0,0.0
9,35,1,0,1.0
9,36,3,1,1.0
9,37,1,0,0.0
9,38,3,1,0.0
9,39,1,0,0.0
9,40,3,0,0.0
9,41,2,0,1.0
9,42,4,1,1.0
9,43,3,1,1.0
9,44,4,1,1.0
9,45,4,1,1.0
9,46,2,1,1.0
9,47,1,0,0.0
9,48,4,1,1.0
9,49,2,1,1.0
9,50,4,1,1.0
9,51,2,1,0.0
9,52,4,1,1.0
9,53,2,0,1.0
9,54,2,0,1.0
9,55,3,0,0.0
9,56,1,0,0.0
9,57,1,1,0.0
9,58,1,0,1.0
9,59,1,0,0.0
9,60,3,1,1.0
9,61,4,1,0.0
9,62,3,0,1.0
9,63,3,0,0.0
9,64,3,1,1.0
9,65,4,1,1.0
9,66,2,1,0.0
9,67,2,0,1.0
9,68,1,0,0.0
9,69,1,1,1.0
9,70,1,1,0.0
9,71,3,0,1.0
9,72,2,0,1.0
9,73,4,1,1.0
9,74,4,1,1.0
9,75,1,0,0.0
9,76,4,1,0.0
9,77,3,0,0.0
9,78,2,1,1.0
9,79,3,1,1.0
9,80,1,0,0.0
9,81,2,0,0.0
9,82,3,1,1.0
9,83,4,1,1.0
9,84,4,1,0.0
9,85,3,0,1.0
9,86,1,0,0.0
9,87,4,1,1.0
9,88,1,1,0.0
9,89,2,0,1.0
9,90,2,1,0.0
9,91,3,1,1.0
9,92,3,1,1.0
9,93,2,0,1.0
9,94,1,0,1.0
9,95,4,0,1.0
10,0,1,0,1.0
10,1,4,1,1.0
10,2,2,0,1.0
10,3,2,0,1.0
10,4,4,1,1.0
10,5,1,0,0.0
10,6,3,1,1.0
10,7,2,1,1.0
10,8,1,0,0.0
10,9,1,0,0.0
10,10,3,1,1.0
10,11,3,0,1.0
10,12,2,1,0.0
10,13,4,1,1.0
10,14,4,1,0.0
10,15,3,1,1.0
10,16,2,0,1.0
10,17,2,0,0.0
10,18,2,0,1.0
10,19,4,1,1.0
10,20,3,1,1.0
10,21,1,0,0.0
10,22,4,1,1.0
10,23,3,1,0.0
10,24,1,0,0.0
10,25,4,1,0.0
10,26,1,0,0.0
10,27,2,1,0.0
10,28,4,1,1.0
10,29,3,1,1.0
10,30,3,1,1.0
10,31,1,0,1.0
10,32,1,0,1.0
10,33,2,0,0.0
10,34,2,0,1.0
10,35,1,0,0.0
10,36,1,0,0.0
10,37,3,1,1.0
10,38,3,1,0.0
10,39,3,1,1.0
10,40,3,1,1.0
10,41,4,1,1.0
10,42,2,0,1.0
10,43,2,0,1.0
10,44,4,1,1.0
10,45,1,1,0.0
10,46,4,1,0.0
10,47,4,0,1.0
10,48,1,1,0.0
10,49,4,1,1.0
10,50,1,0,1.0
10,51,1,0,0.0
10,52,2,0,0.0
10,53,4,1,1.0
10,54,3,1,1.0
10,55,2,0,1.0
10,56,3,1,1.0
10,57,3,1,0.0
10,58,1,0,0.0
10,59,4,1,1.0
10,60,2,0,1.0
10,61,4,1,0.0
10,62,2,0,1.0
10,63,3,1,1.0
10,64,3,1,1.0
10,65,3,1,1.0
10,66,4,1,0.0
10,67,3,1,1.0
10,68,4,1,1.0
10,69,3,1,0.0
10,70,2,0,1.0
10,71,1,0,0.0
10,72,1,0,1.0
10,73,4,1,1.0
10,74,2,0,1.0
10,75,1,0,0.0
10,76,2,0,0.0
10,77,4,1,1.0
10,78,1,0,0.0
10,79,2,0,1.0
10,80,3,1,1.0
10,81,1,0,0.0
10,82,1,0,1.0
10,83,2,0,0.0
10,84,3,1,1.0
10,85,1,0,0.0
10,86,2,0,1.0
10,87,4,1,1.0
10,88,1,0,0.0
10,89,3,1,0.0
10,90,4,1,0.0
10,91,2,0,1.0
10,92,4,1,1.0
10,93,2,0,1.0
10,94,3,1,1.0
10,95,4,1,1.0
11,0,3,1,1.0
11,1,4,0,0.0
11,2,2,1,0.0
11,3,1,1,1.0
11,4,1,1,0.0
11,5,1,0,0.0
11,6,1,0,0.0
11,7,4,1,1.0
11,8,2,1,0.0
11,9,2,0,1.0
11,10,4,1,1.0
11,11,4,1,1.0
11,12,3,1,0.0
11,13,2,0,0.0
11,14,3,1,1.0
11,15,3,1,1.0
11,16,1,0,0.0
11,17,4,1,1.0
11,18,3,1,0.0
11,19,4,1,1.0
11,20,2,0,0.0
11,21,2,0,1.0
11,22,1,0,0.0
11,23,1,0,1.0
11,24,4,1,0.0
11,25,1,1,0.0
11,26,3,1,1.0
11,27,4,0,1.0
11,28,3,0,0.0
11,29,2,0,1.0
11,30,2,1,0.0
11,31,3,1,1.0
11,32,4,0,1.0
11,33,2,1,0.0
11,34,3,1,0.0
11,35,4,1,1.0
11,36,3,0,0.0
11,37,1,0,0.0
11,38,4,0,0.0
11,39,2,0,0.0
11,40,4,0,1.0
11,41,1,0,0.0
11,42,2,0,1.0
11,43,2,0,1.0
11,44,1,1,1.0
11,45,3,1,1.0
11,46,3,1,1.0
11,47,1,0,0.0
11,48,3,1,1.0
11,49,2,0,0.0
11,50,2,1,0.0
11,51,3,1,0.0
11,52,1,1,0.0
11,53,3,1,1.0
11,54,1,0,0.0
11,55,4,0,0.0
11,56,2,1,0.0
11,57,4,1,1.0
11,58,4,1,1.0
11,59,3,1,1.0
11,60,4,0,1.0
11,61,1,0,0.0
11,62,2,1,0.0
11,63,1,1,0.0
11,64,2,1,0.0
11,65,2,0,1.0
11,66,3,1,1.0
11,67,1,1,0.0
11,68,4,1,1.0
11,69,3,1,1.0
11,70,1,0,0.0
11,71,1,0,1.0
11,72,2,0,1.0
11,73,2,1,1.0
11,74,4,1,1.0
11,75,3,0,0.0
11,76,1,1,0.0
11,77,3,1,0.0
11,78,4,1,0.0
11,79,4,0,1.0
11,80,4,0,0.0
11,81,2,0,1.0
11,82,4,1,1.0
11,83,1,0,0.0
11,84,2,0,0.0
11,85,3,1,1.0
11,86,3,1,0.0
11,87,3,1,1.0
11,88,1,0,0.0
11,89,2,1,0.0
11,90,1,1,0.0
11,91,4,1,1.0
11,92,4,1,1.0
11,93,1,0,1.0
11,94,2,0,1.0
11,95,3,1,1.0
12,0,4,1,1.0
12,1,1,0,1.0
12,2,1,0,0.0
12,3,3,1,0.0
12,4,4,0,1.0
12,5,4,0,0.0
12,6,2,1,0.0
12,7,2,1,0.0
12,8,2,0,0.0
12,9,2,1,0.0
12,10,4,0,1.0
12,11,1,0,0.0
12,12,3,0,0.0
12,13,3,0,0.0
12,14,3,0,0.0
12,15,1,0,0.0
12,16,2,1,0.0
12,17,4,0,1.0
12,18,3,1,1.0
12,19,3,1,1.0
12,20,1,1,0.0
12,21,4,0,1.0
12,22,4,0,0.0
12,23,3,1,1.0
12,24,1,0,1.0
12,25,3,1,0.0
12,26,2,1,0.0
12,27,1,0,0.0
12,28,2,1,1.0
12,29,4,0,1.0
12,30,2,1,0.0
12,31,1,0,0.0
12,32,4,0,0.0
12,33,2,1,0.0
12,34,4,0,1.0
12,35,1,1,0.0
12,36,4,1,1.0
12,37,4,1,1.0
12,38,1,0,0.0
12,39,2,1,1.0
12,40,3,0,0.0
12,41,2,1,0.0
12,42,3,0,0.0
12,43,3,1,1.0
12,44,3,1,0.0
12,45,1,0,1.0
12,46,2,1,0.0
12,47,1,0,0.0
12,48,1,1,0.0
12,49,2,1,0.0
12,50,3,0,0.0
12,51,2,1,1.0
12,52,4,1,0.0
12,53,3,0,0.0
12,54,1,0,0.0
12,55,4,0,1.0
12,56,2,1,0.0
12,57,4,0,1.0
12,58,3,0,1.0
12,59,3,0,0.0
12,60,1,0,0.0
12,61,1,1,1.0
12,62,2,1,0.0
12,63,4,0,1.0
12,64,1,0,0.0
12,65,1,0,0.0
12,66,2,1,0.0
12,67,2,1,0.0
12,68,2,0,1.0
12,69,3,1,1.0
12,70,4,1,0.0
12,71,3,1,1.0
12,72,1,1,1.0
12,73,1,1,0.0
12,74,4,0,1.0
12,75,3,1,1.0
12,76,4,0,1.0
12,77,2,1,1.0
12,78,3,0,1.0
12,79,4,1,1.0
12,80,2,1,0.0
12,81,1,0,0.0
12,82,3,1,1.0
12,83,2,1,0.0
12,84,4,0,0.0
12,85,3,1,1.0
12,86,3,1,0.0
12,87,2,1,1.0
12,88,1,0,1.0
12,89,2,1,0.0
12,90,3,0,0.0
12,91,4,1,1.0
12,92,4,1,1.0
12,93,4,0,1.0
12,94,1,0,0.0
12,95,1,1,0.0
13,0,4,1,1.0
13,1,3,0,0.0
13,2,3,1,1.0
13,3,3,1,1.0
13,4,2,0,0.0
13,5,3,1,0.0
13,6,1,0,0.0
13,7,1,1,1.0
13,8,4,1,0.0
13,9,1,1,0.0
13,10,4,1,1.0
13,11,2,1,0.0
13,12,1,1,0.0
13,13,2,1,0.0
13,14,4,1,1.0
13,15,2,1,0.0
13,16,3,1,1.0
13,17,4,1,1.0
13,18,3,1,0.0
13,19,1,0,0.0
13,20,1,1,0.0
13,21,3,1,1.0
13,22,2,1,0.0
13,23,2,0,1.0
13,24,4,1,1.0
13,25,2,0,0.0
13,26,3,1,1.0
13,27,1,1,1.0
13,28,1,1,0.0
13,29,4,1,0.0
13,30,4,1,1.0
13,31,2,0,1.0
13,32,4,1,0.0
13,33,2,0,1.0
13,34,3,1,0.0
13,35,3,1,1.0
13,36,3,1,1.0
13,37,3,1,1.0
13,38,2,0,1.0
13,39,1,1,0.0
13,40,1,1,0.0
13,41,4,1,1.0
13,42,1,0,0.0
13,43,4,1,1.0
13,44,4,1,1.0
13,45,1,0,1.0
13,46,2,0,1.0
13,47,2,0,0.0
13,48,4,1,1.0
13,49,1,0,0.0
13,50,3,1,0.0
13,51,2,0,1.0
13,52,3,1,1.0
13,53,4,1,0.0
13,54,1,0,0.0
13,55,3,1,1.0
13,56,4,1,1.0
13,57,3,1,1.0
13,58,1,1,1.0
13,59,1,1,0.0
13,60,2,0,1.0
13,61,2,0,1.0
13,62,4,1,1.0
13,63,2,0,0.0
13,64,3,1,0.0
13,65,4,1,1.0
13,66,1,0,0.0
13,67,2,0,0.0
13,68,1,1,0.0
13,69,3,1,1.0
13,70,4,1,1.0
13,71,4,1,1.0
13,72,2,0,1.0
13,73,3,1,1.0
13,74,1,1,0.0
13,75,1,1,1.0
13,76,3,1,1.0
13,77,2,0,1.0
13,78,2,0,1.0
13,79,4,1,0.0
13,80,1,1,0.0
13,81,4,1,1.0
13,82,4,1,0.0
13,83,4,1,1.0
13,84,3,1,1.0
13,85,3,1,1.0
13,86,3,1,0.0
13,87,4,1,1.0
13,88,1,0,0.0
13,89,2,0,1.0
13,90,2,0,0.0
13,91,1,1,1.0
13,92,2,0,1.0
13,93,1,1,0.0
13,94,2,0,1.0
13,95,3,1,1.0
14,0,1,0,0.0
14,1,4,0,1.0
14,2,4,0,0.0
14,3,2,1,0.0
14,4,4,0,1.0
14,5,3,1,0.0
14,6,1,1,0.0
14,7,4,0,1.0
14,8,3,1,1.0
14,9,3,0,0.0
14,10,3,0,0.0
14,11,1,0,0.0
14,12,2,0,1.0
14,13,2,1,1.0
14,14,2,1,0.0
14,15,1,0,1.0
14,16,3,0,0.0
14,17,2,1,1.0
14,18,3,0,0.0
14,19,2,1,0.0
14,20,1,0,1.0
14,21,4,0,1.0
14,22,3,1,0.0
14,23,1,1,0.0
14,24,3,1,1.0
14,25,1,0,0.0
14,26,4,0,1.0
14,27,1,0,0.0
14,28,4,1,0.0
14,29,2,1,0.0
14,30,4,0,1.0
14,31,2,1,0.0
14,32,1,0,0.0
14,33,2,1,0.0
14,34,1,0,1.0
14,35,3,1,0.0
14,36,4,0,0.0
14,37,2,1,0.0
14,38,3,1,1.0
14,39,1,0,0.0
14,40,3,1,1.0
14,41,4,0,1.0
14,42,2,1,1.0
14,43,3,1,1.0
14,44,1,0,0.0
14,45,4,0,1.0
14,46,2,1,0.0
14,47,4,0,1.0
14,48,1,0,0.0
14,49,4,1,1.0
14,50,2,1,1.0
14,51,3,1,1.0
14,52,1,0,0.0
14,53,1,0,1.0
14,54,2,0,1.0
14,55,3,1,0.0
14,56,4,0,1.0
14,57,3,1,1.0
14,58,3,1,1.0
14,59,1,0,0.0
14,60,2,1,0.0
14,61,2,1,0.0
14,62,4,0,1.0
14,63,4,0,0.0
14,64,2,1,1.0
14,65,1,0,1.0
14,66,2,1,0.0
14,67,3,0,0.0
14,68,1,0,0.0
14,69,4,0,1.0
14,70,1,0,0.0
14,71,4,1,1.0
14,72,2,1,0.0
14,73,1,0,0.0
14,74,3,1,1.0
14,75,4,0,1.0
14,76,3,1,0.0
14,77,2,1,0.0
14,78,3,1,1.0
14,79,4,0,0.0
14,80,4,0,1.0
14,81,1,1,1.0
14,82,3,0,0.0
14,83,2,1,1.0
14,84,3,1,0.0
14,85,1,1,0.0
14,86,1,1,0.0
14,87,4,0,1.0
14,88,2,1,0.0
14,89,4,0,0.0
14,90,2,1,0.0
14,91,3,1,1.0
14,92,1,0,0.0
14,93,2,1,0.0
14,94,3,1,1.0
14,95,4,0,1.0
15,0,4,1,1.0
15,1,1,0,0.0
15,2,3,1,1.0
15,3,1,1,0.0
15,4,1,1,0.0
15,5,1,1,1.0
15,6,3,0,0.0
15,7,3,0,1.0
15,8,2,1,0.0
15,9,4,1,1.0
15,10,2,1,1.0
15,11,2,1,0.0
15,12,4,1,0.0
15,13,3,1,1.0
15,14,2,1,0.0
15,15,4,1,1.0
15,16,2,1,0.0
15,17,1,0,0.0
15,18,4,1,1.0
15,19,4,1,1.0
15,20,1,1,0.0
15,21,4,1,1.0
15,22,3,1,1.0
15,23,1,1,0.0
15,24,1,0,1.0
15,25,2,0,1.0
15,26,3,0,0.0
15,27,2,0,1.0
15,28,3,1,1.0
15,29,3,1,0.0
15,30,4,1,0.0
15,31,2,0,0.0
15,32,3,1,1.0
15,33,4,1,1.0
15,34,2,0,1.0
15,35,3,1,1.0
15,36,1,1,1.0
15,37,4,1,1.0
15,38,4,1,1.0
15,39,3,1,1.0
15,40,1,1,0.0
15,41,2,0,1.0
15,42,3,0,1.0
15,43,2,0,1.0
15,44,4,1,0.0
15,45,2,0,0.0
15,46,1,1,0.0
15,47,1,1,0.0
15,48,1,1,0.0
15,49,3,1,1.0
15,50,4,1,1.0
15,51,1,0,1.0
15,52,3,1,1.0
15,53,3,1,0.0
15,54,4,1,0.0
15,55,1,0,0.0
15,56,3,1,1.0
15,57,2,0,1.0
15,58,2,0,1.0
15,59,1,0,0.0
15,60,4,1,1.0
15,61,2,0,0.0
15,62,4,1,1.0
15,63,2,0,1.0
15,64,1,0,0.0
15,65,2,0,1.0
15,66,4,1,1.0
15,67,1,1,1.0
15,68,4,1,0.0
15,69,4,1,1.0
15,70,3,1,1.0
15,71,1,1,0.0
15,72,2,0,0.0
15,73,3,1,1.0
15,74,4,1,1.0
15,75,3,1,1.0
15,76,1,1,0.0
15,77,2,0,1.0
15,78,2,0,1.0
15,79,3,1,0.0
15,80,4,1,1.0
15,81,4,1,0.0
15,82,3,0,0.0
15,83,1,1,0.0
15,84,3,1,1.0
15,85,3,1,1.0
15,86,2,0,1.0
15,87,3,1,0.0
15,88,4,1,1.0
15,89,1,1,0.0
15,90,4,1,1.0
15,91,2,0,1.0
15,92,1,0,0.0
15,93,2,0,1.0
15,94,2,0,0.0
15,95,1,1,1.0
16,0,2,1,0.0
16,1,2,0,1.0
16,2,1,1,0.0
16,3,4,1,0.0
16,4,4,0,1.0
16,5,3,1,1.0
16,6,1,0,0.0
16,7,3,0,0.0
16,8,2,1,0.0
16,9,3,1,0.0
16,10,4,1,1.0
16,11,1,1,1.0
16,12,1,1,0.0
16,13,2,1,1.0
16,14,4,1,1.0
16,15,3,1,1.0
16,16,4,1,1.0
16,17,2,1,0.0
16,18,4,1,0.0
16,19,4,1,1.0
16,20,1,0,0.0
16,21,2,0,1.0
16,22,1,0,0.0
16,23,3,0,0.0
16,24,3,0,1.0
16,25,2,0,0.0
16,26,1,0,1.0
16,27,1,1,0.0
16,28,4,1,1.0
16,29,3,1,1.0
16,30,3,1,1.0
16,31,2,0,1.0
16,32,2,1,0.0
16,33,2,1,0.0
16,34,1,1,0.0
16,35,1,1,1.0
16,36,3,0,0.0
16,37,1,1,0.0
16,38,2,1,1.0
16,39,2,1,0.0
16,40,4,1,1.0
16,41,4,1,0.0
16,42,4,1,1.0
16,43,4,1,1.0
16,44,3,1,1.0
16,45,3,1,0.0
16,46,1,1,0.0
16,47,3,1,1.0
16,48,1,1,1.0
16,49,3,1,1.0
16,50,1,1,0.0
16,51,4,0,1.0
16,52,2,1,1.0
16,53,4,1,1.0
16,54,1,1,0.0
16,55,2,1,0.0
16,56,1,1,0.0
16,57,4,1,0.0
16,58,3,1,1.0
16,59,2,1,0.0
16,60,3,1,0.0
16,61,3,1,1.0
16,62,4,1,1.0
16,63,2,0,1.0
16,64,4,1,1.0
16,65,3,0,0.0
16,66,2,0,0.0
16,67,1,1,0.0
16,68,1,1,1.0
16,69,4,1,1.0
16,70,3,0,1.0
16,71,2,0,1.0
16,72,2,0,1.0
16,73,1,0,0.0
16,74,3,0,0.0
16,75,3,0,0.0
16,76,4,1,1.0
16,77,4,1,0.0
16,78,2,0,1.0
16,79,1,0,0.0
16,80,2,0,1.0
16,81,3,1,1.0
16,82,2,0,1.0
16,83,4,1,1.0
16,84,1,1,0.0
16,85,3,1,0.0
16,86,4,1,0.0
16,87,1,1,0.0
16,88,3,1,1.0
16,89,4,1,1.0
16,90,3,1,1.0
16,91,2,0,0.0
16,92,1,0,1.0
16,93,4,1,1.0
16,94,2,1,0.0
16,95,1,1,0.0
17,0,3,1,1.0
17,1,1,1,1.0
17,2,4,1,1.0
17,3,2,1,0.0
17,4,2,0,1.0
17,5,1,1,0.0
17,6,4,1,1.0
17,7,3,1,1.0
17,8,1,0,0.0
17,9,3,1,1.0
17,10,2,0,0.0
17,11,4,1,0.0
17,12,1,0,0.0
17,13,2,0,1.0
17,14,3,1,0.0
17,15,4,1,1.0
17,16,3,0,0.0
17,17,4,1,1.0
17,18,1,1,0.0
17,19,2,0,1.0
17,20,2,0,1.0
17,21,1,1,1.0
17,22,1,1,0.0
17,23,3,0,1.0
17,24,4,1,1.0
17,25,4,1,0.0
17,26,2,0,0.0
17,27,4,1,1.0
17,28,2,0,1.0
17,29,3,0,0.0
17,30,1,1,0.0
17,31,3,0,0.0
17,32,2,0,1.0
17,33,3,0,0.0
17,34,4,1,1.0
17,35,2,0,1.0
17,36,2,0,0.0
17,37,3,0,0.0
17,38,1,1,0.0
17,39,1,0,1.0
17,40,4,1,0.0
17,41,4,1,1.0
17,42,2,0,1.0
17,43,3,1,0.0
17,44,1,0,0.0
17,45,3,1,1.0
17,46,1,0,0.0
17,47,4,1,1.0
17,48,2,0,1.0
17,49,3,1,0.0
17,50,4,1,1.0
17,51,3,1,1.0
17,52,2,0,0.0
17,53,3,1,1.0
17,54,1,1,0.0
17,55,1,1,0.0
17,56,4,1,0.0
17,57,4,1,1.0
17,58,4,1,1.0
17,59,2,0,1.0
17,60,1,0,0.0
17,61,1,0,1.0
17,62,2,0,1.0
17,63,3,1,1.0
17,64,2,0,1.0
17,65,2,0,1.0
17,66,4,1,1.0
17,67,3,1,1.0
17,68,3,1,1.0
17,69,4,1,1.0
17,70,3,1,0.0
17,71,1,0,1.0
17,72,4,1,0.0
17,73,2,0,0.0
17,74,2,0,1.0
17,75,4,1,1.0
17,76,1,0,0.0
17,77,1,0,0.0
17,78,1,0,0.0
17,79,3,1,1.0
17,80,4,1,1.0
17,81,2,0,0.0
17,82,2,0,1.0
17,83,2,0,1.0
17,84,3,1,1.0
17,85,1,0,0.0
17,86,3,1,1.0
17,87,3,1,0.0
17,88,4,1,0.0
17,89,1,1,0.0
17,90,1,1,1.0
17,91,2,0,1.0
17,92,4,1,1.0
17,93,4,1,1.0
17,94,1,1,0.0
17,95,3,1,1.0
18,0,2,0,0.0
18,1,1,0,0.0
18,2,3,0,1.0
18,3,2,0,0.0
18,4,4,1,0.0
18,5,3,0,0.0
18,6,3,1,1.0
18,7,4,0,1.0
18,8,3,1,1.0
18,9,1,0,0.0
18,10,4,0,1.0
18,11,1,1,0.0
18,12,2,0,1.0
18,13,1,1,1.0
18,14,2,0,1.0
18,15,4,0,1.0
18,16,3,0,0.0
18,17,2,0,0.0
18,18,1,1,0.0
18,19,4,0,0.0
18,20,1,1,0.0
18,21,4,0,1.0
18,22,1,0,1.0
18,23,3,1,1.0
18,24,3,0,1.0
18,25,4,0,1.0
18,26,2,0,1.0
18,27,3,0,0.0
18,28,1,1,0.0
18,29,2,0,1.0
18,30,2,0,1.0
18,31,4,0,1.0
18,32,4,0,1.0
18,33,3,0,0.0
18,34,2,0,1.0
18,35,2,0,1.0
18,36,2,0,0.0
18,37,4,0,1.0
18,38,4,0,1.0
18,39,1,0,0.0
18,40,2,0,1.0
18,41,1,0,1.0
18,42,3,0,0.0
18,43,4,0,0.0
18,44,3,0,1.0
18,45,3,0,0.0
18,46,1,0,0.0
18,47,1,0,0.0
18,48,3,0,0.0
18,49,4,0,1.0
18,50,2,0,1.0
18,51,2,0,1.0
18,52,4,0,1.0
18,53,1,0,0.0
18,54,1,0,0.0
18,55,3,0,0.0
18,56,1,0,1.0
18,57,3,0,1.0
18,58,4,0,0.0
18,59,2,0,0.0
18,60,2,0,1.0
18,61,3,0,0.0
18,62,4,0,1.0
18,63,1,0,0.0
18,64,3,0,0.0
18,65,1,0,1.0
18,66,3,0,1.0
18,67,3,0,0.0
18,68,2,0,1.0
18,69,4,0,1.0
18,70,1,0,0.0
18,71,2,0,1.0
18,72,1,1,0.0
18,73,4,0,0.0
18,74,3,0,0.0
18,75,2,0,0.0
18,76,4,0,1.0
18,77,4,0,1.0
18,78,1,0,0.0
18,79,2,0,1.0
18,80,3,1,0.0
18,81,1,0,1.0
18,82,1,0,0.0
18,83,2,0,1.0
18,84,3,0,0.0
18,85,4,0,1.0
18,86,4,0,1.0
18,87,3,0,0.0
18,88,2,0,0.0
18,89,4,0,1.0
18,90,4,0,0.0
18,91,1,0,0.0
18,92,2,0,1.0
18,93,3,0,0.0
18,94,1,0,0.0
18,95,2,0,1.0
19,0,3,1,1.0
19,1,2,1,0.0
19,2,3,0,0.0
19,3,1,0,0.0
19,4,4,0,1.0
19,5,2,1,1.0
19,6,2,0,1.0
19,7,3,1,0.0
19,8,4,1,0.0
19,9,1,0,0.0
19,10,4,0,1.0
19,11,2,0,1.0
19,12,1,1,0.0
19,13,1,0,0.0
19,14,3,1,1.0
19,15,4,1,1.0
19,16,1,0,0.0
19,17,4,1,1.0
19,18,1,0,1.0
19,19,3,1,1.0
19,20,4,0,0.0
19,21,2,0,1.0
19,22,4,0,1.0
19,23,3,1,0.0
19,24,3,1,1.0
19,25,1,1,0.0
19,26,1,1,0.0
19,27,4,1,1.0
19,28,2,0,1.0
19,29,2,1,0.0
19,30,3,1,1.0
19,31,2,1,1.0
19,32,4,0,1.0
19,33,3,0,0.0
19,34,4,0,0.0
19,35,1,0,0.0
19,36,3,1,1.0
19,37,2,0,1.0
19,38,1,0,0.0
19,39,4,0,1.0
19,40,3,1,1.0
19,41,1,0,1.0
19,42,1,0,0.0
19,43,2,0,1.0
19,44,4,1,1.0
19,45,3,0,1.0
19,46,2,0,1.0
19,47,2,1,1.0
19,48,3,1,1.0
19,49,4,0,1.0
19,50,4,1,1.0
19,51,4,0,0.0
19,52,1,0,0.0
19,53,1,0,0.0
19,54,3,1,1.0
19,55,1,0,0.0
19,56,2,0,0.0
19,57,2,0,1.0
19,58,4,0,1.0
19,59,3,1,1.0
19,60,2,1,0.0
19,61,1,1,1.0
19,62,3,1,0.0
19,63,2,0,1.0
19,64,2,0,1.0
19,65,3,1,0.0
19,66,1,1,0.0
19,67,2,0,1.0
19,68,2,0,0.0
19,69,1,0,0.0
19,70,4,0,0.0
19,71,1,1,0.0
19,72,4,1,1.0
19,73,4,0,1.0
19,74,1,0,1.0
19,75,4,1,1.0
19,76,2,0,1.0
19,77,3,1,1.0
19,78,3,0,0.0
19,79,3,0,0.0
19,80,4,1,0.0
19,81,3,1,0.0
19,82,1,1,0.0
19,83,1,1,0.0
19,84,3,1,1.0
19,85,3,1,1.0
19,86,3,1,1.0
19,87,2,0,1.0
19,88,1,0,0.0
19,89,4,0,1.0
19,90,2,1,0.0
19,91,2,1,0.0
19,92,1,1,1.0
19,93,2,0,0.0
19,94,4,0,1.0
19,95,4,1,1.0
20,0,3,0,1.0
20,1,4,1,0.0
20,2,3,0,0.0
20,3,1,0,0.0
20,4,1,0,0.0
20,5,4,1,1.0
20,6,3,1,1.0
20,7,2,0,1.0
20,8,2,0,0.0
20,9,4,1,1.0
20,10,2,0,1.0
20,11,3,1,1.0
20,12,2,0,1.0
20,13,1,1,1.0
20,14,4,1,1.0
20,15,1,1,0.0
20,16,1,0,0.0
20,17,4,1,1.0
20,18,1,0,1.0
20,19,4,1,1.0
20,20,3,1,0.0
20,21,2,0,0.0
20,22,1,0,0.0
20,23,3,1,1.0
20,24,2,0,1.0
20,25,4,1,1.0
20,26,2,0,1.0
20,27,2,0,1.0
20,28,1,0,0.0
20,29,3,0,0.0
20,30,4,0,0.0
20,31,3,1,1.0
20,32,4,1,0.0
20,33,2,1,1.0
20,34,1,1,0.0
20,35,1,1,0.0
20,36,3,1,1.0
20,37,4,0,1.0
20,38,3,0,1.0
20,39,2,0,1.0
20,40,3,1,1.0
20,41,4,1,1.0
20,42,2,1,0.0
20,43,1,1,0.0
20,44,2,0,1.0
20,45,4,1,1.0
20,46,3,0,0.0
20,47,1,1,1.0
20,48,4,1,1.0
20,49,4,1,1.0
20,50,3,1,0.0
20,51,1,1,0.0
20,52,1,1,0.0
20,53,3,1,1.0
20,54,3,0,0.0
20,55,2,0,1.0
20,56,1,0,1.0
20,57,2,0,0.0
20,58,2,0,1.0
20,59,2,1,0.0
20,60,4,1,1.0
20,61,1,1,0.0
20,62,4,0,0.0
20,63,3,0,0.0
20,64,2,0,1.0
20,65,1,1,0.0
20,66,4,1,1.0
20,67,4,1,1.0
20,68,4,1,0.0
20,69,1,1,1.0
20,70,2,1,0.0
20,71,1,0,0.0
20,72,1,0,0.0
20,73,4,0,1.0
20,74,3,1,1.0
20,75,2,1,1.0
20,76,3,1,0.0
20,77,2,0,1.0
20,78,3,0,0.0
20,79,3,0,0.0
20,80,1,1,0.0
20,81,4,1,1.0
20,82,3,1,0.0
20,83,3,0,0.0
20,84,2,1,1.0
20,85,1,0,0.0
20,86,2,0,1.0
20,87,4,1,1.0
20,88,2,1,0.0
20,89,1,0,0.0
20,90,2,1,0.0
20,91,3,1,1.0
20,92,3,0,0.0
20,93,4,1,0.0
20,94,4,1,1.0
20,95,1,1,1.0
21,0,2,0,1.0
21,1,1,1,0.0
21,2,4,0,1.0
21,3,3,1,0.0
21,4,3,1,1.0
21,5,1,1,1.0
21,6,3,1,1.0
21,7,1,1,0.0
21,8,3,1,1.0
21,9,1,1,0.0
21,10,2,0,1.0
21,11,2,0,0.0
21,12,4,0,1.0
21,13,4,0,0.0
21,14,2,1,0.0
21,15,4,0,1.0
21,16,1,1,0.0
21,17,3,1,1.0
21,18,3,1,0.0
21,19,1,1,0.0
21,20,4,0,0.0
21,21,2,0,0.0
21,22,2,0,1.0
21,23,3,1,1.0
21,24,4,0,1.0
21,25,2,1,0.0
21,26,3,0,0.0
21,27,4,0,1.0
21,28,4,0,1.0
21,29,2,0,1.0
21,30,1,1,1.0
21,31,1,0,0.0
21,32,3,1,1.0
21,33,2,0,0.0
21,34,1,1,0.0
21,35,1,1,1.0
21,36,4,0,0.0
21,37,1,1,0.0
21,38,2,0,1.0
21,39,2,1,0.0
21,40,4,1,1.0
21,41,3,1,1.0
21,42,4,0,1.0
21,43,4,0,1.0
21,44,3,1,1.0
21,45,2,0,1.0
21,46,3,0,1.0
21,47,1,1,0.0
21,48,1,1,0.0
21,49,4,0,1.0
21,50,3,1,1.0
21,51,2,0,1.0
21,52,1,1,0.0
21,53,2,1,0.0
21,54,4,0,0.0
21,55,3,1,1.0
21,56,3,0,1.0
21,57,2,0,1.0
21,58,1,1,1.0
21,59,1,1,0.0
21,60,4,0,1.0
21,61,2,0,0.0
21,62,4,0,1.0
21,63,3,1,1.0
21,64,3,1,1.0
21,65,3,0,0.0
21,66,3,0,1.0
21,67,4,0,1.0
21,68,2,0,1.0
21,69,4,0,1.0
21,70,1,1,0.0
21,71,2,0,0.0
21,72,2,0,1.0
21,73,2,0,1.0
21,74,4,1,0.0
21,75,1,0,1.0
21,76,1,0,0.0
21,77,3,1,1.0
21,78,1,1,0.0
21,79,4,0,1.0
21,80,4,0,0.0
21,81,1,1,0.0
21,82,2,0,1.0
21,83,3,1,1.0
21,84,4,0,1.0
21,85,1,1,1.0
21,86,2,0,0.0
21,87,4,0,1.0
21,88,2,0,1.0
21,89,3,1,1.0
21,90,1,0,0.0
21,91,4,0,1.0
21,92,3,1,1.0
21,93,3,1,0.0
21,94,2,1,0.0
21,95,1,0,0.0
22,0,1,0,0.0
22,1,3,0,0.0
22,2,4,1,1.0
22,3,1,0,0.0
22,4,2,0,1.0
22,5,3,0,1.0
22,6,2,0,1.0
22,7,4,1,1.0
22,8,3,0,0.0
22,9,3,0,0.0
22,10,4,1,0.0
22,11,2,0,1.0
22,12,4,1,1.0
22,13,2,0,0.0
22,14,1,1,1.0
22,15,1,1,0.0
22,16,3,1,1.0
22,17,2,0,1.0
22,18,2,0,1.0
22,19,3,1,1.0
22,20,4,1,0.0
22,21,3,1,1.0
22,22,2,0,0.0
22,23,1,1,0.0
22,24,1,1,1.0
22,25,1,1,0.0
22,26,2,0,1.0
22,27,1,1,0.0
22,28,4,1,1.0
22,29,3,1,0.0
22,30,4,1,1.0
22,31,4,1,1.0
22,32,2,0,1.0
22,33,2,0,1.0
22,34,4,1,0.0
22,35,4,1,1.0
22,36,3,1,0.0
22,37,4,1,1.0
22,38,3,1,1.0
22,39,2,0,0.0
22,40,1,1,0.0
22,41,1,1,0.0
22,42,1,1,1.0
22,43,3,1,1.0
22,44,1,1,0.0
22,45,2,0,1.0
22,46,3,1,1.0
22,47,4,1,1.0
22,48,3,1,1.0
22,49,1,1,0.0
22,50,1,1,0.0
22,51,2,0,0.0
22,52,4,1,1.0
22,53,3,1,0.0
22,54,4,1,1.0
22,55,4,1,1.0
22,56,3,1,1.0
22,57,1,1,1.0
22,58,4,1,0.0
22,59,1,1,0.0
22,60,2,0,1.0
22,61,3,1,1.0
22,62,2,0,1.0
22,63,2,0,1.0
22,64,3,1,0.0
22,65,2,0,1.0
22,66,2,0,0.0
22,67,1,1,0.0
22,68,1,1,1.0
22,69,2,0,1.0
22,70,3,1,1.0
22,71,2,0,1.0
22,72,4,1,0.0
22,73,4,1,1.0
22,74,4,1,1.0
22,75,3,1,1.0
22,76,3,1,1.0
22,77,1,1,0.0
22,78,4,1,1.0
22,79,1,1,0.0
22,80,1,1,0.0
22,81,3,1,0.0
22,82,4,1,1.0
22,83,1,1,1.0
22,84,3,1,1.0
22,85,1,1,0.0
22,86,4,1,1.0
22,87,3,1,1.0
22,88,2,0,1.0
22,89,1,1,0.0
22,90,2,0,1.0
22,91,3,1,1.0
22,92,2,0,1.0
22,93,4,1,0.0
22,94,4,1,1.0
22,95,2,0,0.0
23,0,3,0,1.0
23,1,2,0,1.0
23,2,1,0,0.0
23,3,3,0,0.0
23,4,2,0,0.0
23,5,4,0,1.0
23,6,2,0,1.0
23,7,4,0,1.0
23,8,4,0,1.0
23,9,1,1,1.0
23,10,1,1,0.0
23,11,4,0,0.0
23,12,1,1,0.0
23,13,3,0,0.0
23,14,2,0,1.0
23,15,3,0,0.0
23,16,3,0,0.0
23,17,1,1,0.0
23,18,1,1,1.0
23,19,3,0,0.0
23,20,3,1,0.0
23,21,4,0,0.0
23,22,2,0,1.0
23,23,4,0,1.0
23,24,2,0,1.0
23,25,3,0,0.0
23,26,4,0,1.0
23,27,4,0,1.0
23,28,1,1,0.0
23,29,2,0,1.0
23,30,2,0,0.0
23,31,1,0,0.0
23,32,1,0,1.0
23,33,3,0,0.0
23,34,1,0,0.0
23,35,2,0,1.0
23,36,2,0,0.0
23,37,4,0,1.0
23,38,4,0,1.0
23,39,3,1,1.0
23,40,2,0,1.0
23,41,1,1,0.0
23,42,3,1,0.0
23,43,1,0,0.0
23,44,2,0,1.0
23,45,3,1,1.0
23,46,4,0,0.0
23,47,4,0,1.0
23,48,2,0,1.0
23,49,4,0,1.0
23,50,2,0,1.0
23,51,3,1,0.0
23,52,3,1,1.0
23,53,4,0,0.0
23,54,4,0,1.0
23,55,3,1,1.0
23,56,1,0,0.0
23,57,2,0,1.0
23,58,3,1,1.0
23,59,2,0,0.0
23,60,4,0,1.0
23,61,1,1,1.0
23,62,1,1,0.0
23,63,1,1,0.0
23,64,3,1,1.0
23,65,4,0,1.0
23,66,1,1,1.0
23,67,4,0,1.0
23,68,2,0,1.0
23,69,3,1,1.0
23,70,4,0,0.0
23,71,1,1,0.0
23,72,1,1,0.0
23,73,2,0,0.0
23,74,4,0,1.0
23,75,3,1,0.0
23,76,2,0,1.0
23,77,1,0,0.0
23,78,2,0,1.0
23,79,3,1,1.0
23,80,4,0,1.0
23,81,1,0,0.0
23,82,3,1,0.0
23,83,4,0,0.0
23,84,2,0,1.0
23,85,2,0,1.0
23,86,3,1,1.0
23,87,1,0,0.0
23,88,3,1,1.0
23,89,4,0,1.0
23,90,3,1,1.0
23,91,1,1,1.0
23,92,4,0,1.0
23,93,2,0,0.0
23,94,2,0,1.0
23,95,1,1,0.0
24,0,1,0,1.0
24,1,2,0,1.0
24,2,1,0,0.0
24,3,2,0,1.0
24,4,4,0,1.0
24,5,2,0,1.0
24,6,3,0,0.0
24,7,3,0,0.0
24,8,1,0,0.0
24,9,4,0,1.0
24,10,3,1,0.0
24,11,3,1,1.0
24,12,1,1,0.0
24,13,2,0,0.0
24,14,4,0,1.0
24,15,4,0,0.0
24,16,3,0,0.0
24,17,1,0,0.0
24,18,1,1,0.0
24,19,4,0,1.0
24,20,1,1,1.0
24,21,4,0,1.0
24,22,3,0,0.0
24,23,2,0,0.0
24,24,2,0,1.0
24,25,2,0,1.0
24,26,4,0,1.0
24,27,4,0,0.0
24,28,3,1,1.0
24,29,1,1,0.0
24,30,2,0,1.0
24,31,3,1,0.0
24,32,1,1,0.0
24,33,4,0,1.0
24,34,4,0,1.0
24,35,1,0,1.0
24,36,3,1,1.0
24,37,2,0,0.0
24,38,3,1,0.0
24,39,1,0,0.0
24,40,4,0,1.0
24,41,3,1,1.0
24,42,3,1,1.0
24,43,4,0,0.0
24,44,2,0,1.0
24,45,2,0,1.0
24,46,2,0,1.0
24,47,1,0,0.0
24,48,1,0,0.0
24,49,3,1,1.0
24,50,3,1,1.0
24,51,2,0,1.0
24,52,4,0,0.0
24,53,3,1,0.0
24,54,2,0,0.0
24,55,3,1,1.0
24,56,4,0,1.0
24,57,4,0,1.0
24,58,2,0,1.0
24,59,1,1,0.0
24,60,2,0,1.0
24,61,1,0,0.0
24,62,4,0,1.0
24,63,1,1,1.0
24,64,4,0,1.0
24,65,3,1,0.0
24,66,3,1,1.0
24,67,4,0,1.0
24,68,2,0,0.0
24,69,1,1,1.0
24,70,1,1,0.0
24,71,2,0,1.0
24,72,1,1,0.0
24,73,2,0,1.0
24,74,3,1,1.0
24,75,4,0,0.0
24,76,1,1,0.0
24,77,2,0,1.0
24,78,4,0,1.0
24,79,3,1,1.0
24,80,4,0,0.0
24,81,4,0,1.0
24,82,4,0,1.0
24,83,3,1,1.0
24,84,1,1,0.0
24,85,1,0,0.0
24,86,3,1,1.0
24,87,3,1,1.0
24,88,4,0,1.0
24,89,2,0,1.0
24,90,2,0,1.0
24,91,1,1,1.0
24,92,3,1,0.0
24,93,2,0,1.0
24,94,1,0,0.0
24,95,2,0,0.0
25,0,3,1,1.0
25,1,3,0,1.0
25,2,1,0,0.0
25,3,3,0,0.0
25,4,4,0,1.0
25,5,4,0,1.0
25,6,2,1,0.0
25,7,3,0,0.0
25,8,4,0,1.0
25,9,2,1,0.0
25,10,2,0,1.0
25,11,1,0,0.0
25,12,1,1,1.0
25,13,2,1,1.0
25,14,4,0,0.0
25,15,1,1,0.0
25,16,4,0,0.0
25,17,3,0,0.0
25,18,3,1,1.0
25,19,2,0,1.0
25,20,4,0,1.0
25,21,2,0,0.0
25,22,4,0,1.0
25,23,1,1,0.0
25,24,2,0,1.0
25,25,1,1,0.0
25,26,2,0,1.0
25,27,4,0,1.0
25,28,1,1,1.0
25,29,1,1,0.0
25,30,3,0,0.0
25,31,3,0,0.0
25,32,3,1,1.0
25,33,1,1,0.0
25,34,1,0,1.0
25,35,4,0,1.0
25,36,2,0,1.0
25,37,1,0,0.0
25,38,4,0,0.0
25,39,4,0,1.0
25,40,3,1,1.0
25,41,4,0,1.0
25,42,3,1,0.0
25,43,2,0,1.0
25,44,2,0,1.0
25,45,3,1,1.0
25,46,2,0,0.0
25,47,1,0,0.0
25,48,4,0,1.0
25,49,2,0,0.0
25,50,1,0,0.0
25,51,3,1,0.0
25,52,2,0,1.0
25,53,3,1,1.0
25,54,3,1,1.0
25,55,1,0,0.0
25,56,2,0,1.0
25,57,1,1,1.0
25,58,4,0,0.0
25,59,4,0,1.0
25,60,4,0,1.0
25,61,1,1,0.0
25,62,2,0,1.0
25,63,3,1,1.0
25,64,1,0,0.0
25,65,4,0,1.0
25,66,4,0,1.0
25,67,3,1,0.0
25,68,3,1,1.0
25,69,3,1,1.0
25,70,2,0,1.0
25,71,1,0,1.0
25,72,4,0,0.0
25,73,2,0,1.0
25,74,2,0,0.0
25,75,1,1,0.0
25,76,1,0,0.0
25,77,3,1,1.0
25,78,2,0,1.0
25,79,4,0,1.0
25,80,3,1,1.0
25,81,3,1,1.0
25,82,4,1,0.0
25,83,1,1,0.0
25,84,3,1,1.0
25,85,1,1,1.0
25,86,2,0,0.0
25,87,1,0,0.0
25,88,3,1,0.0
25,89,2,0,1.0
25,90,2,0,1.0
25,91,1,1,0.0
25,92,4,0,1.0
25,93,2,0,1.0
25,94,4,0,1.0
25,95,4,0,1.0
26,0,1,1,0.0
26,1,4,0,1.0
26,2,1,1,1.0
26,3,4,0,1.0
26,4,2,0,0.0
26,5,1,1,0.0
26,6,3,1,1.0
26,7,3,1,0.0
26,8,3,1,1.0
26,9,2,0,1.0
26,10,2,0,1.0
26,11,3,1,1.0
26,12,4,0,0.0
26,13,2,0,1.0
26,14,4,0,1.0
26,15,1,1,0.0
26,16,3,1,0.0
26,17,2,0,0.0
26,18,2,0,1.0
26,19,1,0,0.0
26,20,1,0,0.0
26,21,4,0,0.0
26,22,4,0,1.0
26,23,4,0,1.0
26,24,2,0,1.0
26,25,1,0,0.0
26,26,3,1,1.0
26,27,3,1,1.0
26,28,4,0,1.0
26,29,3,1,1.0
26,30,2,0,1.0
26,31,1,1,1.0
26,32,1,1,0.0
26,33,4,0,0.0
26,34,2,0,1.0
26,35,4,0,1.0
26,36,3,1,1.0
26,37,1,1,0.0
26,38,2,0,0.0
26,39,3,1,0.0
26,40,4,0,1.0
26,41,2,0,1.0
26,42,1,0,0.0
26,43,3,1,1.0
26,44,4,0,1.0
26,45,2,0,1.0
26,46,1,1,1.0
26,47,3,1,1.0
26,48,4,0,1.0
26,49,2,0,1.0
26,50,3,1,0.0
26,51,3,1,1.0
26,52,1,1,0.0
26,53,1,1,1.0
26,54,1,1,0.0
26,55,2,0,0.0
26,56,4,0,1.0
26,57,2,0,1.0
26,58,3,1,1.0
26,59,4,0,1.0
26,60,4,0,0.0
26,61,2,0,1.0
26,62,3,1,1.0
26,63,1,1,0.0
26,64,2,0,1.0
26,65,4,0,1.0
26,66,3,1,1.0
26,67,3,1,0.0
26,68,3,1,1.0
26,69,1,1,0.0
26,70,1,1,1.0
26,71,4,0,1.0
26,72,3,1,1.0
26,73,2,0,1.0
26,74,2,0,1.0
26,75,2,0,0.0
26,76,4,0,1.0
26,77,1,1,0.0
26,78,4,0,0.0
26,79,1,1,0.0
26,80,4,0,1.0
26,81,1,1,0.0
26,82,4,0,0.0
26,83,3,1,1.0
26,84,2,0,1.0
26,85,1,1,1.0
26,86,2,0,1.0
26,87,1,1,0.0
26,88,2,0,1.0
26,89,1,1,0.0
26,90,4,0,1.0
26,91,3,1,1.0
26,92,2,0,0.0
26,93,4,0,1.0
26,94,3,1,0.0
26,95,3,1,1.0
27,0,1,1,0.0
27,1,2,1,0.0
27,2,2,1,0.0
27,3,4,1,1.0
27,4,1,1,1.0
27,5,2,0,0.0
27,6,2,0,1.0
27,7,3,1,1.0
27,8,4,1,1.0
27,9,4,1,0.0
27,10,1,1,0.0
27,11,4,1,1.0
27,12,1,0,0.0
27,13,3,1,1.0
27,14,3,1,1.0
27,15,3,1,0.0
27,16,4,1,1.0
27,17,3,1,1.0
27,18,4,1,1.0
27,19,4,1,1.0
27,20,2,0,1.0
27,21,2,0,1.0
27,22,1,1,0.0
27,23,3,1,1.0
27,24,3,1,1.0
27,25,1,0,1.0
27,26,1,0,0.0
27,27,3,1,0.0
27,28,2,0,1.0
27,29,1,0,0.0
27,30,4,1,0.0
27,31,2,0,0.0
27,32,3,1,1.0
27,33,3,1,0.0
27,34,4,1,1.0
27,35,4,1,1.0
27,36,3,1,1.0
27,37,2,0,1.0
27,38,1,0,0.0
27,39,2,0,1.0
27,40,2,0,1.0
27,41,1,0,0.0
27,42,3,1,1.0
27,43,4,1,0.0
27,44,2,0,0.0
27,45,4,1,1.0
27,46,1,1,0.0
27,47,1,1,1.0
27,48,4,1,1.0
27,49,2,0,0.0
27,50,3,1,1.0
27,51,3,1,0.0
27,52,2,0,1.0
27,53,3,1,1.0
27,54,1,1,0.0
27,55,1,1,0.0
27,56,3,1,1.0
27,57,1,1,1.0
27,58,4,1,1.0
27,59,4,1,0.0
27,60,2,0,1.0
27,61,4,1,1.0
27,62,1,1,0.0
27,63,2,0,1.0
27,64,3,1,1.0
27,65,4,1,0.0
27,66,4,1,1.0
27,67,1,1,0.0
27,68,2,0,0.0
27,69,3,1,0.0
27,70,1,1,0.0
27,71,1,1,1.0
27,72,2,0,1.0
27,73,3,1,1.0
27,74,2,0,1.0
27,75,4,1,1.0
27,76,3,1,1.0
27,77,4,1,1.0
27,78,1,1,0.0
27,79,2,0,1.0
27,80,1,1,1.0
27,81,3,1,1.0
27,82,3,1,0.0
27,83,1,1,0.0
27,84,1,0,0.0
27,85,4,1,1.0
27,86,4,1,1.0
27,87,2,0,1.0
27,88,4,1,1.0
27,89,3,1,1.0
27,90,2,0,0.0
27,91,3,1,1.0
27,92,4,1,0.0
27,93,1,0,0.0
27,94,2,0,1.0
27,95,2,0,1.0
28,0,2,0,1.0
28,1,3,0,1.0
28,2,4,0,1.0
28,3,2,0,1.0
28,4,2,0,0.0
28,5,3,0,0.0
28,6,4,0,1.0
28,7,1,1,1.0
28,8,1,1,0.0
28,9,4,0,0.0
28,10,1,1,0.0
28,11,3,0,0.0
28,12,3,1,1.0
28,13,2,0,1.0
28,14,4,1,1.0
28,15,1,0,0.0
28,16,4,1,1.0
28,17,3,1,1.0
28,18,2,0,1.0
28,19,3,1,1.0
28,20,1,0,0.0
28,21,2,0,0.0
28,22,2,0,1.0
28,23,3,1,0.0
28,24,4,1,1.0
28,25,4,1,0.0
28,26,2,0,1.0
28,27,1,1,0.0
28,28,1,1,0.0
28,29,3,1,1.0
28,30,1,0,1.0
28,31,4,1,1.0
28,32,2,0,0.0
28,33,3,1,0.0
28,34,1,0,1.0
28,35,4,1,0.0
28,36,3,1,1.0
28,37,4,1,1.0
28,38,4,1,1.0
28,39,3,1,1.0
28,40,1,0,0.0
28,41,4,1,1.0
28,42,2,0,1.0
28,43,1,0,0.0
28,44,2,0,1.0
28,45,3,1,1.0
28,46,2,0,1.0
28,47,1,0,0.0
28,48,3,1,1.0
28,49,4,1,1.0
28,50,1,1,0.0
28,51,2,0,1.0
28,52,2,0,0.0
28,53,1,0,0.0
28,54,4,1,1.0
28,55,3,1,1.0
28,56,2,0,1.0
28,57,4,1,1.0
28,58,2,0,1.0
28,59,3,1,1.0
28,60,4,1,0.0
28,61,1,0,0.0
28,62,1,1,1.0
28,63,3,1,0.0
28,64,1,1,0.0
28,65,3,1,1.0
28,66,1,1,0.0
28,67,4,1,0.0
28,68,2,0,1.0
28,69,3,1,0.0
28,70,3,1,1.0
28,71,4,1,1.0
28,72,1,1,0.0
28,73,4,1,1.0
28,74,2,0,1.0
28,75,4,1,1.0
28,76,2,0,0.0
28,77,2,0,1.0
28,78,3,1,1.0
28,79,1,1,1.0
28,80,2,0,1.0
28,81,2,0,1.0
28,82,2,0,1.0
28,83,2,0,0.0
28,84,3,1,0.0
28,85,1,1,0.0
28,86,1,0,1.0
28,87,4,1,1.0
28,88,3,1,1.0
28,89,3,1,1.0
28,90,1,0,0.0
28,91,4,1,1.0
28,92,4,1,1.0
28,93,4,1,0.0
28,94,3,1,1.0
28,95,1,0,0.0
29,0,3,0,0.0
29,1,3,1,1.0
29,2,3,0,1.0
29,3,4,1,1.0
29,4,1,0,1.0
29,5,4,1,0.0
29,6,1,0,0.0
29,7,4,1,1.0
29,8,1,1,0.0
29,9,2,0,1.0
29,10,2,0,0.0
29,11,2,0,0.0
29,12,2,0,1.0
29,13,4,1,1.0
29,14,1,0,0.0
29,15,3,1,1.0
29,16,2,0,1.0
29,17,1,1,0.0
29,18,3,1,1.0
29,19,1,0,1.0
29,20,2,0,1.0
29,21,4,1,0.0
29,22,1,0,0.0
29,23,3,1,1.0
29,24,1,0,0.0
29,25,3,1,0.0
29,26,4,1,1.0
29,27,4,1,1.0
29,28,2,0,1.0
29,29,3,1,1.0
29,30,4,1,1.0
29,31,2,0,0.0
29,32,2,0,1.0
29,33,1,0,0.0
29,34,3,1,1.0
29,35,1,0,0.0
29,36,2,0,0.0
29,37,3,1,1.0
29,38,3,0,1.0
29,39,4,0,1.0
29,40,2,1,0.0
29,41,1,0,0.0
29,42,1,0,0.0
29,43,4,1,1.0
29,44,2,0,1.0
29,45,4,1,0.0
29,46,4,0,1.0
29,47,3,1,1.0
29,48,1,0,1.0
29,49,2,0,0.0
29,50,3,1,1.0
29,51,1,0,0.0
29,52,3,1,1.0
29,53,3,0,1.0
29,54,3,1,1.0
29,55,1,0,0.0
29,56,4,1,1.0
29,57,4,1,0.0
29,58,1,0,0.0
29,59,2,1,0.0
29,60,2,0,1.0
29,61,4,1,1.0
29,62,4,0,1.0
29,63,2,0,1.0
29,64,4,1,0.0
29,65,4,0,1.0
29,66,3,1,1.0
29,67,3,0,0.0
29,68,3,1,1.0
29,69,1,1,0.0
29,70,2,0,1.0
29,71,3,1,0.0
29,72,4,1,1.0
29,73,2,0,1.0
29,74,1,0,0.0
29,75,4,1,1.0
29,76,2,0,1.0
29,77,2,0,0.0
29,78,1,0,1.0
29,79,1,1,0.0
29,80,3,1,1.0
29,81,2,0,1.0
29,82,3,1,1.0
29,83,3,0,0.0
29,84,4,1,1.0
29,85,1,0,0.0
29,86,4,1,1.0
29,87,1,1,1.0
29,88,4,1,0.0
29,89,1,1,0.0
29,90,2,0,1.0
29,91,2,0,1.0
29,92,1,0,0.0
29,93,2,0,0.0
29,94,3,1,0.0
29,95,4,1,1.0
30,0,4,0,1.0
30,1,1,1,0.0
30,2,4,1,0.0
30,3,1,1,0.0
30,4,1,0,1.0
30,5,2,0,1.0
30,6,2,0,0.0
30,7,2,1,0.0
30,8,3,0,0.0
30,9,3,1,0.0
30,10,2,1,0.0
30,11,3,0,0.0
30,12,1,0,0.0
30,13,3,0,0.0
30,14,4,0,1.0
30,15,4,1,1.0
30,16,2,1,0.0
30,17,3,1,0.0
30,18,1,1,0.0
30,19,4,0,0.0
30,20,2,0,1.0
30,21,1,1,0.0
30,22,3,0,0.0
30,23,2,0,0.0
30,24,2,0,1.0
30,25,4,0,0.0
30,26,1,1,1.0
30,27,3,0,0.0
30,28,1,1,0.0
30,29,4,1,1.0
30,30,4,1,1.0
30,31,3,1,1.0
30,32,3,1,0.0
30,33,4,1,0.0
30,34,1,0,0.0
30,35,2,0,1.0
30,36,2,1,0.0
30,37,2,0,1.0
30,38,2,0,0.0
30,39,1,0,1.0
30,40,1,0,0.0
30,41,4,0,1.0
30,42,3,1,1.0
30,43,4,1,1.0
30,44,1,0,0.0
30,45,4,1,1.0
30,46,3,1,1.0
30,47,3,1,1.0
30,48,3,1,0.0
30,49,4,0,1.0
30,50,1,1,0.0
30,51,2,0,0.0
30,52,2,1,0.0
30,53,1,0,0.0
30,54,1,0,0.0
30,55,4,1,0.0
30,56,3,1,1.0
30,57,3,1,1.0
30,58,3,0,0.0
30,59,2,1,0.0
30,60,2,0,1.0
30,61,1,0,1.0
30,62,4,0,1.0
30,63,4,0,1.0
30,64,3,1,1.0
30,65,2,1,1.0
30,66,4,0,1.0
30,67,3,1,1.0
30,68,3,1,0.0
30,69,3,0,0.0
30,70,1,0,0.0
30,71,1,1,1.0
30,72,2,1,0.0
30,73,2,0,1.0
30,74,4,0,1.0
30,75,1,1,0.0
30,76,4,0,1.0
30,77,2,0,1.0
30,78,4,0,0.0
30,79,1,0,0.0
30,80,3,1,1.0
30,81,3,1,0.0
30,82,3,0,0.0
30,83,1,1,1.0
30,84,3,0,0.0
30,85,1,1,0.0
30,86,2,0,1.0
30,87,2,0,0.0
30,88,4,0,1.0
30,89,4,0,0.0
30,90,4,0,1.0
30,91,2,0,1.0
30,92,1,1,0.0
30,93,4,0,0.0
30,94,1,1,0.0
30,95,2,0,1.0
31,0,2,1,0.0
31,1,3,0,1.0
31,2,4,1,0.0
31,3,2,1,1.0
31,4,3,1,1.0
31,5,4,1,1.0
31,6,2,1,0.0
31,7,1,1,1.0
31,8,1,1,0.0
31,9,2,1,0.0
31,10,1,1,0.0
31,11,1,1,0.0
31,12,3,0,0.0
31,13,3,1,1.0
31,14,4,0,1.0
31,15,4,0,1.0
31,16,3,1,1.0
31,17,4,0,1.0
31,18,2,1,0.0
31,19,4,0,1.0
31,20,3,1,1.0
31,21,1,0,1.0
31,22,1,0,0.0
31,23,4,0,0.0
31,24,3,1,1.0
31,25,1,0,0.0
31,26,3,1,0.0
31,27,2,0,0.0
31,28,2,0,1.0
31,29,1,0,0.0
31,30,4,0,1.0
31,31,2,1,0.0
31,32,4,0,1.0
31,33,4,0,1.0
31,34,2,0,1.0
31,35,2,0,1.0
31,36,2,0,0.0
31,37,1,0,1.0
31,38,4,0,0.0
31,39,3,1,0.0
31,40,1,0,0.0
31,41,4,0,1.0
31,42,1,1,0.0
31,43,3,1,1.0
31,44,3,1,1.0
31,45,3,1,1.0
31,46,1,0,0.0
31,47,2,0,1.0
31,48,2,0,1.0
31,49,4,0,0.0
31,50,3,1,1.0
31,51,1,0,1.0
31,52,4,0,1.0
31,53,1,0,0.0
31,54,4,0,1.0
31,55,2,0,1.0
31,56,3,1,1.0
31,57,3,1,0.0
31,58,4,0,1.0
31,59,1,0,0.0
31,60,3,1,1.0
31,61,2,0,1.0
31,62,2,0,0.0
31,63,1,0,0.0
31,64,3,1,1.0
31,65,4,0,1.0
31,66,2,0,1.0
31,67,2,0,0.0
31,68,1,0,0.0
31,69,3,1,1.0
31,70,1,0,0.0
31,71,4,0,1.0
31,72,3,1,0.0
31,73,3,1,1.0
31,74,2,0,1.0
31,75,2,0,1.0
31,76,1,0,0.0
31,77,4,0,0.0
31,78,1,0,1.0
31,79,4,0,1.0
31,80,1,0,0.0
31,81,3,1,1.0
31,82,4,0,1.0
31,83,1,0,0.0
31,84,2,0,1.0
31,85,3,1,1.0
31,86,2,0,1.0
31,87,4,0,1.0
31,88,1,0,0.0
31,89,1,1,1.0
31,90,3,1,1.0
31,91,3,1,0.0
31,92,2,0,0.0
31,93,4,0,1.0
31,94,2,0,1.0
31,95,4,0,0.0
32,0,3,0,0.0
32,1,1,0,0.0
32,2,4,0,1.0
32,3,3,1,0.0
32,4,4,0,1.0
32,5,1,1,1.0
32,6,2,1,0.0
32,7,1,0,0.0
32,8,1,1,0.0
32,9,2,1,0.0
32,10,4,1,0.0
32,11,3,1,1.0
32,12,2,1,0.0
32,13,2,0,0.0
32,14,4,0,1.0
32,15,3,1,1.0
32,16,1,0,0.0
32,17,1,1,0.0
32,18,4,0,1.0
32,19,3,1,1.0
32,20,2,0,1.0
32,21,4,0,1.0
32,22,3,1,1.0
32,23,3,1,1.0
32,24,3,1,0.0
32,25,2,0,0.0
32,26,2,1,0.0
32,27,2,1,0.0
32,28,1,0,1.0
32,29,4,0,0.0
32,30,1,0,0.0
32,31,4,0,1.0
32,32,2,0,1.0
32,33,3,1,1.0
32,34,2,0,1.0
32,35,2,0,0.0
32,36,4,0,1.0
32,37,3,1,1.0
32,38,4,0,0.0
32,39,3,1,1.0
32,40,4,0,1.0
32,41,1,0,0.0
32,42,2,0,1.0
32,43,4,0,1.0
32,44,3,1,0.0
32,45,1,1,1.0
32,46,1,1,0.0
32,47,1,1,0.0
32,48,1,1,0.0
32,49,1,0,1.0
32,50,4,0,1.0
32,51,2,0,0.0
32,52,4,0,0.0
32,53,3,1,1.0
32,54,3,1,1.0
32,55,4,0,1.0
32,56,2,0,1.0
32,57,1,1,0.0
32,58,4,0,1.0
32,59,1,0,0.0
32,60,2,0,1.0
32,61,3,1,0.0
32,62,2,1,0.0
32,63,3,1,1.0
32,64,4,0,0.0
32,65,4,0,1.0
32,66,2,0,1.0
32,67,1,1,1.0
32,68,2,0,0.0
32,69,2,1,0.0
32,70,3,1,1.0
32,71,2,0,1.0
32,72,1,1,0.0
32,73,4,0,1.0
32,74,1,1,0.0
32,75,1,0,0.0
32,76,3,1,0.0
32,77,4,0,1.0
32,78,3,1,1.0
32,79,3,1,1.0
32,80,2,1,0.0
32,81,1,0,0.0
32,82,3,1,1.0
32,83,2,0,1.0
32,84,3,0,1.0
32,85,4,0,0.0
32,86,1,0,1.0
32,87,2,0,1.0
32,88,4,0,1.0
32,89,3,1,1.0
32,90,1,1,0.0
32,91,1,0,0.0
32,92,4,0,1.0
32,93,3,1,1.0
32,94,2,0,0.0
32,95,4,0,1.0
33,0,1,0,0.0
33,1,2,0,1.0
33,2,3,1,1.0
33,3,4,0,0.0
33,4,2,1,1.0
33,5,4,1,1.0
33,6,1,0,0.0
33,7,2,1,0.0
33,8,1,1,0.0
33,9,3,1,0.0
33,10,3,0,0.0
33,11,1,1,1.0
33,12,3,0,0.0
33,13,4,0,1.0
33,14,2,1,0.0
33,15,4,0,1.0
33,16,3,0,0.0
33,17,2,0,1.0
33,18,1,1,0.0
33,19,1,1,0.0
33,20,3,0,0.0
33,21,4,0,1.0
33,22,2,0,1.0
33,23,3,0,0.0
33,24,2,0,1.0
33,25,2,0,0.0
33,26,4,0,1.0
33,27,1,1,0.0
33,28,3,0,1.0
33,29,1,1,1.0
33,30,4,0,0.0
33,31,4,0,1.0
33,32,4,1,1.0
33,33,3,0,0.0
33,34,1,1,0.0
33,35,4,0,1.0
33,36,2,0,1.0
33,37,3,0,0.0
33,38,3,0,1.0
33,39,2,0,1.0
33,40,1,1,1.0
33,41,1,1,0.0
33,42,3,1,1.0
33,43,1,1,0.0
33,44,2,0,0.0
33,45,4,0,1.0
33,46,2,0,1.0
33,47,4,0,0.0
33,48,4,0,0.0
33,49,2,0,1.0
33,50,4,1,1.0
33,51,3,0,1.0
33,52,1,1,0.0
33,53,1,1,0.0
33,54,3,0,0.0
33,55,2,0,0.0
33,56,1,1,0.0
33,57,2,0,1.0
33,58,1,1,1.0
33,59,2,1,0.0
33,60,4,1,1.0
33,61,4,0,1.0
33,62,3,0,0.0
33,63,3,0,0.0
33,64,3,0,0.0
33,65,1,1,0.0
33,66,1,1,0.0
33,67,3,1,0.0
33,68,1,1,1.0
33,69,4,1,1.0
33,70,2,0,1.0
33,71,2,0,0.0
33,72,2,0,1.0
33,73,2,1,0.0
33,74,3,1,1.0
33,75,3,0,0.0
33,76,4,1,1.0
33,77,4,1,0.0
33,78,1,1,0.0
33,79,4,1,1.0
33,80,1,1,0.0
33,81,4,1,1.0
33,82,2,0,1.0
33,83,1,0,0.0
33,84,1,1,1.0
33,85,4,1,1.0
33,86,2,1,0.0
33,87,4,1,1.0
33,88,3,1,1.0
33,89,3,0,0.0
33,90,2,0,1.0
33,91,2,0,0.0
33,92,3,1,1.0
33,93,3,0,1.0
33,94,1,1,0.0
33,95,4,1,0.0
34,0,2,1,0.0
34,1,3,0,0.0
34,2,1,0,0.0
34,3,3,1,0.0
34,4,1,1,0.0
34,5,4,0,1.0
34,6,4,0,1.0
34,7,1,0,0.0
34,8,3,1,1.0
34,9,4,0,0.0
34,10,2,0,0.0
34,11,3,0,0.0
34,12,1,1,1.0
34,13,2,1,0.0
34,14,4,1,1.0
34,15,2,1,0.0
34,16,4,0,1.0
34,17,2,0,1.0
34,18,4,0,1.0
34,19,4,0,1.0
34,20,3,0,0.0
34,21,3,1,1.0
34,22,4,1,0.0
34,23,2,0,0.0
34,24,1,0,0.0
34,25,2,1,0.0
34,26,1,1,1.0
34,27,2,1,0.0
34,28,3,1,0.0
34,29,3,0,0.0
34,30,1,0,0.0
34,31,1,1,0.0
34,32,2,0,0.0
34,33,4,0,1.0
34,34,4,0,1.0
34,35,2,1,0.0
34,36,1,0,1.0
34,37,3,1,1.0
34,38,1,1,0.0
34,39,1,1,0.0
34,40,3,1,1.0
34,41,2,0,1.0
34,42,3,0,0.0
34,43,2,0,1.0
34,44,4,0,0.0
34,45,4,0,1.0
34,46,1,1,0.0
34,47,3,0,1.0
34,48,4,1,1.0
34,49,1,0,1.0
34,50,3,0,0.0
34,51,2,0,1.0
34,52,4,1,0.0
34,53,3,0,1.0
34,54,1,1,0.0
34,55,2,1,0.0
34,56,3,0,0.0
34,57,1,0,0.0
34,58,2,1,0.0
34,59,4,0,1.0
34,60,2,1,1.0
34,61,3,1,1.0
34,62,1,0,0.0
34,63,4,0,1.0
34,64,3,1,1.0
34,65,2,1,1.0
34,66,2,0,1.0
34,67,4,0,1.0
34,68,1,0,1.0
34,69,4,1,0.0
34,70,1,0,0.0
34,71,3,1,1.0
34,72,2,1,0.0
34,73,3,1,1.0
34,74,4,0,1.0
34,75,1,0,0.0
34,76,1,0,0.0
34,77,2,1,0.0
34,78,4,0,1.0
34,79,3,1,0.0
34,80,1,1,0.0
34,81,4,0,0.0
34,82,3,1,1.0
34,83,1,1,1.0
34,84,4,0,1.0
34,85,3,1,1.0
34,86,3,0,1.0
34,87,2,0,1.0
34,88,2,1,1.0
34,89,2,1,0.0
34,90,4,0,1.0
34,91,1,0,0.0
34,92,2,1,0.0
34,93,3,1,1.0
34,94,4,0,1.0
34,95,1,1,0.0
35,0,2,0,0.0
35,1,2,1,0.0
35,2,4,1,1.0
35,3,2,0,1.0
35,4,1,1,0.0
35,5,1,0,0.0
35,6,2,0,1.0
35,7,4,1,1.0
35,8,4,1,1.0
35,9,3,1,0.0
35,10,1,0,1.0
35,11,3,0,0.0
35,12,4,1,0.0
35,13,1,0,0.0
35,14,3,0,0.0
35,15,3,1,1.0
35,16,2,0,1.0
35,17,2,0,0.0
35,18,4,1,1.0
35,19,1,0,0.0
35,20,4,1,1.0
35,21,1,1,0.0
35,22,4,1,0.0
35,23,3,1,1.0
35,24,4,1,1.0
35,25,1,1,0.0
35,26,3,1,1.0
35,27,2,0,1.0
35,28,2,0,1.0
35,29,3,1,1.0
35,30,1,1,1.0
35,31,3,1,0.0
35,32,2,0,1.0
35,33,3,1,1.0
35,34,3,1,1.0
35,35,1,0,0.0
35,36,4,1,0.0
35,37,3,1,0.0
35,38,4,1,1.0
35,39,2,0,1.0
35,40,1,1,0.0
35,41,2,0,0.0
35,42,3,1,1.0
35,43,4,1,1.0
35,44,4,1,1.0
35,45,2,0,1.0
35,46,1,1,1.0
35,47,1,1,0.0
35,48,1,1,0.0
35,49,1,1,0.0
35,50,4,1,1.0
35,51,3,1,0.0
35,52,3,1,1.0
35,53,1,0,1.0
35,54,3,1,1.0
35,55,2,0,1.0
35,56,3,1,1.0
35,57,4,1,0.0
35,58,2,0,1.0
35,59,2,0,1.0
35,60,4,1,1.0
35,61,2,0,0.0
35,62,1,0,0.0
35,63,4,1,1.0
35,64,1,0,0.0
35,65,2,0,1.0
35,66,2,0,0.0
35,67,3,1,1.0
35,68,3,1,1.0
35,69,4,1,1.0
35,70,3,1,1.0
35,71,4,1,1.0
35,72,1,0,1.0
35,73,4,1,0.0
35,74,4,1,1.0
35,75,1,0,0.0
35,76,2,0,1.0
35,77,1,1,0.0
35,78,2,0,1.0
35,79,3,1,0.0
35,80,2,0,0.0
35,81,2,0,1.0
35,82,4,1,1.0
35,83,1,0,1.0
35,84,1,0,0.0
35,85,3,1,0.0
35,86,1,1,0.0
35,87,3,1,1.0
35,88,3,1,1.0
35,89,4,1,1.0
35,90,2,0,1.0
35,91,4,1,0.0
35,92,3,1,1.0
35,93,1,0,0.0
35,94,2,0,1.0
35,95,4,1,1.0
36,0,3,0,0.0
36,1,4,1,1.0
36,2,1,0,0.0
36,3,2,0,1.0
36,4,3,1,1.0
36,5,1,0,0.0
36,6,4,0,0.0
36,7,4,1,1.0
36,8,4,1,1.0
36,9,2,1,1.0
36,10,3,0,1.0
36,11,3,0,0.0
36,12,1,1,1.0
36,13,2,1,0.0
36,14,1,0,0.0
36,15,2,1,0.0
36,16,1,0,0.0
36,17,2,1,0.0
36,18,3,0,0.0
36,19,1,1,0.0
36,20,3,0,0.0
36,21,2,1,0.0
36,22,2,0,1.0
36,23,3,0,0.0
36,24,4,1,1.0
36,25,4,1,0.0
36,26,4,1,1.0
36,27,1,1,0.0
36,28,3,0,1.0
36,29,4,1,1.0
36,30,1,1,1.0
36,31,2,1,1.0
36,32,4,1,0.0
36,33,3,0,0.0
36,34,2,1,1.0
36,35,2,1,0.0
36,36,2,1,0.0
36,37,1,1,0.0
36,38,1,0,0.0
36,39,3,0,0.0
36,40,4,1,1.0
36,41,3,0,0.0
36,42,4,1,1.0
36,43,4,1,1.0
36,44,2,1,0.0
36,45,1,1,0.0
36,46,3,1,0.0
36,47,1,0,1.0
36,48,4,1,1.0
36,49,1,0,1.0
36,50,3,1,0.0
36,51,2,1,1.0
36,52,3,1,1.0
36,53,1,0,0.0
36,54,1,0,0.0
36,55,4,1,1.0
36,56,4,1,0.0
36,57,1,0,0.0
36,58,2,1,0.0
36,59,3,0,0.0
36,60,2,1,0.0
36,61,3,1,1.0
36,62,2,1,0.0
36,63,4,0,1.0
36,64,3,0,0.0
36,65,3,1,1.0
36,66,2,0,1.0
36,67,1,0,0.0
36,68,3,1,0.0
36,69,2,0,0.0
36,70,3,1,1.0
36,71,2,1,0.0
36,72,1,1,0.0
36,73,1,0,1.0
36,74,4,0,0.0
36,75,2,1,0.0
36,76,1,0,0.0
36,77,4,1,1.0
36,78,4,1,1.0
36,79,4,1,1.0
36,80,3,1,1.0
36,81,1,1,0.0
36,82,3,1,1.0
36,83,2,1,1.0
36,84,4,1,1.0
36,85,4,1,0.0
36,86,3,1,1.0
36,87,2,0,1.0
36,88,3,1,0.0
36,89,1,0,0.0
36,90,2,1,0.0
36,91,4,1,1.0
36,92,1,1,1.0
36,93,1,1,0.0
36,94,2,1,0.0
36,95,4,0,1.0
37,0,3,0,1.0
37,1,1,1,0.0
37,2,4,1,1.0
37,3,4,1,1.0
37,4,2,0,1.0
37,5,3,0,0.0
37,6,2,0,1.0
37,7,2,0,0.0
37,8,1,1,0.0
37,9,4,1,1.0
37,10,4,1,0.0
37,11,1,0,1.0
37,12,3,0,0.0
37,13,1,0,0.0
37,14,3,1,1.0
37,15,2,0,1.0
37,16,2,0,1.0
37,17,2,0,1.0
37,18,1,0,0.0
37,19,3,1,1.0
37,20,3,1,0.0
37,21,1,1,1.0
37,22,1,1,0.0
37,23,3,1,1.0
37,24,3,1,1.0
37,25,4,1,1.0
37,26,4,1,0.0
37,27,2,0,1.0
37,28,2,0,0.0
37,29,4,1,1.0
37,30,1,1,0.0
37,31,4,1,1.0
37,32,4,1,1.0
37,33,3,1,1.0
37,34,2,0,1.0
37,35,1,0,1.0
37,36,1,0,0.0
37,37,1,0,0.0
37,38,2,0,1.0
37,39,4,1,0.0
37,40,3,1,0.0
37,41,4,1,1.0
37,42,2,0,0.0
37,43,3,1,1.0
37,44,4,1,1.0
37,45,3,1,1.0
37,46,2,0,1.0
37,47,1,0,0.0
37,48,4,1,0.0
37,49,3,1,0.0
37,50,2,0,1.0
37,51,1,0,1.0
37,52,3,1,1.0
37,53,1,0,0.0
37,54,1,0,0.0
37,55,2,0,1.0
37,56,3,1,1.0
37,57,2,0,1.0
37,58,1,0,0.0
37,59,4,1,1.0
37,60,4,1,1.0
37,61,2,0,0.0
37,62,3,1,1.0
37,63,4,1,1.0
37,64,1,0,1.0
37,65,2,0,1.0
37,66,2,0,1.0
37,67,4,1,1.0
37,68,2,0,1.0
37,69,3,1,0.0
37,70,4,1,1.0
37,71,4,1,1.0
37,72,2,0,0.0
37,73,1,0,0.0
37,74,4,1,0.0
37,75,1,0,0.0
37,76,3,1,1.0
37,77,3,1,1.0
37,78,3,1,1.0
37,79,1,0,0.0
37,80,2,0,1.0
37,81,1,0,0.0
37,82,2,0,0.0
37,83,3,1,1.0
37,84,4,1,0.0
37,85,4,1,1.0
37,86,1,0,0.0
37,87,2,0,1.0
37,88,3,1,0.0
37,89,3,0,0.0
37,90,3,1,1.0
37,91,4,1,1.0
37,92,2,0,1.0
37,93,1,0,1.0
37,94,1,0,0.0
37,95,4,1,1.0
38,0,1,0,1.0
38,1,1,0,0.0
38,2,1,0,0.0
38,3,1,1,0.0
38,4,4,1,1.0
38,5,3,0,1.0
38,6,4,1,1.0
38,7,2,0,0.0
38,8,2,0,1.0
38,9,2,0,1.0
38,10,3,1,1.0
38,11,3,1,1.0
38,12,2,0,1.0
38,13,3,0,0.0
38,14,4,1,1.0
38,15,4,1,0.0
38,16,4,1,1.0
38,17,1,0,1.0
38,18,4,1,0.0
38,19,1,0,0.0
38,20,3,1,1.0
38,21,1,1,0.0
38,22,2,0,1.0
38,23,2,0,0.0
38,24,2,0,1.0
38,25,3,0,0.0
38,26,2,0,1.0
38,27,3,1,0.0
38,28,4,1,1.0
38,29,4,1,1.0
38,30,3,1,1.0
38,31,1,1,0.0
38,32,2,0,1.0
38,33,3,1,1.0
38,34,3,1,1.0
38,35,4,1,1.0
38,36,1,0,1.0
38,37,3,1,1.0
38,38,2,0,1.0
38,39,1,1,0.0
38,40,4,1,0.0
38,41,2,0,0.0
38,42,1,0,0.0
38,43,3,1,0.0
38,44,4,1,1.0
38,45,1,0,0.0
38,46,4,1,1.0
38,47,2,0,1.0
38,48,4,1,0.0
38,49,4,1,1.0
38,50,2,0,1.0
38,51,2,0,0.0
38,52,1,0,0.0
38,53,3,1,0.0
38,54,4,1,1.0
38,55,1,0,1.0
38,56,3,1,1.0
38,57,1,0,0.0
38,58,2,0,1.0
38,59,1,0,0.0
38,60,3,1,1.0
38,61,2,0,1.0
38,62,3,1,1.0
38,63,4,1,1.0
38,64,3,1,1.0
38,65,3,1,1.0
38,66,4,1,0.0
38,67,2,0,1.0
38,68,1,0,1.0
38,69,2,0,1.0
38,70,1,0,0.0
38,71,2,0,1.0
38,72,1,0,0.0
38,73,1,1,0.0
38,74,4,1,1.0
38,75,3,1,0.0
38,76,4,1,1.0
38,77,3,1,1.0
38,78,2,0,0.0
38,79,4,1,1.0
38,80,1,0,1.0
38,81,1,0,0.0
38,82,2,0,1.0
38,83,1,0,0.0
38,84,3,1,1.0
38,85,2,0,1.0
38,86,2,0,1.0
38,87,3,1,1.0
38,88,4,1,1.0
38,89,4,1,1.0
38,90,3,1,1.0
38,91,3,1,0.0
38,92,4,1,1.0
38,93,2,0,0.0
38,94,4,1,0.0
38,95,1,1,0.0
39,0,2,1,0.0
39,1,2,0,0.0
39,2,1,1,0.0
39,3,3,0,0.0
39,4,4,1,1.0
39,5,3,0,0.0
39,6,2,1,0.0
39,7,4,1,0.0
39,8,3,1,0.0
39,9,1,0,1.0
39,10,1,0,0.0
39,11,3,0,0.0
39,12,4,1,1.0
39,13,1,0,0.0
39,14,4,1,1.0
39,15,2,0,1.0
39,16,3,0,0.0
39,17,3,1,0.0
39,18,4,1,1.0
39,19,2,0,1.0
39,20,2,0,0.0
39,21,1,0,0.0
39,22,3,1,1.0
39,23,1,0,1.0
39,24,2,0,1.0
39,25,4,1,1.0
39,26,4,1,1.0
39,27,4,1,0.0
39,28,1,1,0.0
39,29,3,1,1.0
39,30,1,0,0.0
39,31,2,0,1.0
39,32,4,1,0.0
39,33,1,0,0.0
39,34,3,1,1.0
39,35,2,0,1.0
39,36,1,1,0.0
39,37,2,0,0.0
39,38,4,1,1.0
39,39,1,1,0.0
39,40,2,0,1.0
39,41,4,1,1.0
39,42,3,1,1.0
39,43,1,0,1.0
39,44,3,1,0.0
39,45,2,0,1.0
39,46,4,1,1.0
39,47,3,1,1.0
39,48,1,0,0.0
39,49,2,0,1.0
39,50,3,1,0.0
39,51,2,0,1.0
39,52,3,1,1.0
39,53,4,1,1.0
39,54,4,1,1.0
39,55,4,1,0.0
39,56,1,0,1.0
39,57,2,0,0.0
39,58,4,1,1.0
39,59,1,0,0.0
39,60,3,1,1.0
39,61,3,0,0.0
39,62,1,0,0.0
39,63,2,0,1.0
39,64,3,1,0.0
39,65,2,0,1.0
39,66,3,1,1.0
39,67,1,1,1.0
39,68,1,1,0.0
39,69,2,0,1.0
39,70,3,1,1.0
39,71,2,0,0.0
39,72,1,1,0.0
39,73,4,1,1.0
39,74,3,1,1.0
39,75,4,1,0.0
39,76,2,0,1.0
39,77,1,1,0.0
39,78,4,1,1.0
39,79,4,1,1.0
39,80,3,1,1.0
39,81,4,1,0.0
39,82,1,1,0.0
39,83,2,0,1.0
39,84,4,1,1.0
39,85,4,1,1.0
39,86,3,1,1.0
39,87,2,0,1.0
39,88,4,1,1.0
39,89,3,1,0.0
39,90,2,0,1.0
39,91,2,0,0.0
39,92,1,0,1.0
39,93,1,0,0.0
39,94,1,0,0.0
39,95,3,1,1.0
40,0,1,1,0.0
40,1,2,1,1.0
40,2,4,1,1.0
40,3,1,0,1.0
40,4,3,1,0.0
40,5,4,1,1.0
40,6,2,1,0.0
40,7,4,1,0.0
40,8,1,1,0.0
40,9,2,0,1.0
40,10,3,0,0.0
40,11,4,1,1.0
40,12,3,1,1.0
40,13,3,1,1.0
40,14,2,0,1.0
40,15,1,1,0.0
40,16,3,1,0.0
40,17,3,1,1.0
40,18,4,1,1.0
40,19,2,1,0.0
40,20,2,0,1.0
40,21,3,0,0.0
40,22,1,1,0.0
40,23,4,1,0.0
40,24,1,1,0.0
40,25,4,1,1.0
40,26,2,0,1.0
40,27,2,0,0.0
40,28,3,1,1.0
40,29,1,1,0.0
40,30,4,1,1.0
40,31,1,0,1.0
40,32,1,1,0.0
40,33,3,1,1.0
40,34,3,1,0.0
40,35,1,0,0.0
40,36,4,1,1.0
40,37,2,0,1.0
40,38,4,1,1.0
40,39,1,0,0.0
40,40,3,1,1.0
40,41,2,0,0.0
40,42,1,0,1.0
40,43,2,0,1.0
40,44,3,1,1.0
40,45,2,0,1.0
40,46,4,1,1.0
40,47,4,1,0.0
40,48,3,1,1.0
40,49,4,1,1.0
40,50,4,1,1.0
40,51,3,1,1.0
40,52,3,1,0.0
40,53,1,0,0.0
40,54,1,1,1.0
40,55,1,1,0.0
40,56,1,0,0.0
40,57,2,0,1.0
40,58,2,0,1.0
40,59,2,0,1.0
40,60,2,0,0.0
40,61,3,1,1.0
40,62,4,1,1.0
40,63,4,1,0.0
40,64,1,0,1.0
40,65,1,0,0.0
40,66,3,1,0.0
40,67,2,1,0.0
40,68,1,0,0.0
40,69,2,0,1.0
40,70,2,0,1.0
40,71,4,1,0.0
40,72,3,1,1.0
40,73,1,1,0.0
40,74,3,1,1.0
40,75,4,1,1.0
40,76,3,1,1.0
40,77,4,1,1.0
40,78,2,0,0.0
40,79,4,0,0.0
40,80,3,1,1.0
40,81,3,1,1.0
40,82,2,0,0.0
40,83,1,1,0.0
40,84,1,0,1.0
40,85,4,1,1.0
40,86,2,0,1.0
40,87,4,1,1.0
40,88,3,1,0.0
40,89,4,1,1.0
40,90,2,1,0.0
40,91,1,1,0.0
40,92,3,1,1.0
40,93,4,1,0.0
40,94,2,1,0.0
40,95,1,1,0.0
41,0,1,0,0.0
41,1,4,1,1.0
41,2,3,0,0.0
41,3,2,1,0.0
41,4,4,0,1.0
41,5,2,0,1.0
41,6,1,0,0.0
41,7,4,1,1.0
41,8,2,0,0.0
41,9,1,1,1.0
41,10,4,0,0.0
41,11,3,0,0.0
41,12,3,1,0.0
41,13,2,0,1.0
41,14,1,0,0.0
41,15,3,1,1.0
41,16,1,0,1.0
41,17,4,1,0.0
41,18,2,1,0.0
41,19,1,0,0.0
41,20,4,1,1.0
41,21,2,0,0.0
41,22,4,1,1.0
41,23,1,0,0.0
41,24,4,1,1.0
41,25,3,1,1.0
41,26,3,1,0.0
41,27,2,1,0.0
41,28,2,0,1.0
41,29,1,1,0.0
41,30,3,1,1.0
41,31,3,1,1.0
41,32,2,1,0.0
41,33,3,1,0.0
41,34,4,1,1.0
41,35,3,1,1.0
41,36,2,0,1.0
41,37,4,1,1.0
41,38,1,1,0.0
41,39,3,1,1.0
41,40,1,0,0.0
41,41,2,0,0.0
41,42,4,1,1.0
41,43,1,0,0.0
41,44,1,1,1.0
41,45,4,1,0.0
41,46,3,1,1.0
41,47,2,0,1.0
41,48,4,1,1.0
41,49,4,1,1.0
41,50,2,0,1.0
41,51,2,0,1.0
41,52,2,0,1.0
41,53,4,1,0.0
41,54,1,0,0.0
41,55,3,1,0.0
41,56,1,0,1.0
41,57,2,0,0.0
41,58,3,1,1.0
41,59,3,1,1.0
41,60,3,1,1.0
41,61,4,1,1.0
41,62,1,1,0.0
41,63,1,0,0.0
41,64,1,1,0.0
41,65,4,1,1.0
41,66,3,1,0.0
41,67,3,1,1.0
41,68,2,0,1.0
41,69,4,1,0.0
41,70,1,0,0.0
41,71,1,1,1.0
41,72,2,0,1.0
41,73,4,1,1.0
41,74,1,1,0.0
41,75,2,0,1.0
41,76,2,0,0.0
41,77,4,1,1.0
41,78,3,1,1.0
41,79,3,1,1.0
41,80,3,1,1.0
41,81,1,1,0.0
41,82,3,1,1.0
41,83,2,0,0.0
41,84,3,1,0.0
41,85,1,0,1.0
41,86,1,0,0.0
41,87,4,1,1.0
41,88,4,1,0.0
41,89,3,1,1.0
41,90,2,0,1.0
41,91,2,0,1.0
41,92,1,0,0.0
41,93,4,1,1.0
41,94,2,0,1.0
41,95,4,1,1.0
42,0,1,1,0.0
42,1,1,0,0.0
42,2,2,1,0.0
42,3,3,1,1.0
42,4,4,0,1.0
42,5,3,1,1.0
42,6,4,0,1.0
42,7,1,0,0.0
42,8,4,0,1.0
42,9,2,0,1.0
42,10,2,0,1.0
42,11,4,0,0.0
42,12,2,0,0.0
42,13,3,0,0.0
42,14,1,0,1.0
42,15,3,1,0.0
42,16,2,0,1.0
42,17,2,0,1.0
42,18,4,0,0.0
42,19,1,0,0.0
42,20,3,1,1.0
42,21,1,0,0.0
42,22,3,1,1.0
42,23,1,0,0.0
42,24,4,1,1.0
42,25,3,1,1.0
42,26,2,0,1.0
42,27,3,1,0.0
42,28,2,0,0.0
42,29,4,1,1.0
42,30,4,1,1.0
42,31,1,1,1.0
42,32,3,0,0.0
42,33,4,1,0.0
42,34,1,1,0.0
42,35,1,1,0.0
42,36,2,0,1.0
42,37,2,0,1.0
42,38,3,1,0.0
42,39,4,1,1.0
42,40,4,1,1.0
42,41,3,1,1.0
42,42,2,1,0.0
42,43,3,1,1.0
42,44,1,0,1.0
42,45,1,0,0.0
42,46,2,0,0.0
42,47,4,1,1.0
42,48,3,1,1.0
42,49,2,0,1.0
42,50,4,1,0.0
42,51,3,1,1.0
42,52,1,0,0.0
42,53,2,0,1.0
42,54,3,1,0.0
42,55,4,1,1.0
42,56,4,1,1.0
42,57,1,1,0.0
42,58,2,0,1.0
42,59,1,0,1.0
42,60,2,0,0.0
42,61,4,1,1.0
42,62,3,1,1.0
42,63,1,0,0.0
42,64,2,0,1.0
42,65,4,1,0.0
42,66,4,1,1.0
42,67,2,1,0.0
42,68,4,1,1.0
42,69,4,1,1.0
42,70,2,0,0.0
42,71,2,1,0.0
42,72,3,1,1.0
42,73,1,0,1.0
42,74,3,1,1.0
42,75,1,0,0.0
42,76,1,0,0.0
42,77,3,1,0.0
42,78,1,0,0.0
42,79,3,1,1.0
42,80,1,0,0.0
42,81,3,1,1.0
42,82,3,1,1.0
42,83,4,1,1.0
42,84,2,1,0.0
42,85,4,1,0.0
42,86,3,1,1.0
42,87,1,0,1.0
42,88,1,0,0.0
42,89,3,1,0.0
42,90,2,1,1.0
42,91,2,1,0.0
42,92,4,1,1.0
42,93,4,1,1.0
42,94,1,0,0.0
42,95,2,1,0.0
43,0,3,1,1.0
43,1,1,1,0.0
43,2,1,0,0.0
43,3,3,1,0.0
43,4,2,0,1.0
43,5,3,0,0.0
43,6,4,0,1.0
43,7,1,0,0.0
43,8,4,0,0.0
43,9,4,1,1.0
43,10,3,1,1.0
43,11,4,1,1.0
43,12,1,1,1.0
43,13,2,0,1.0
43,14,2,0,1.0
43,15,2,0,0.0
43,16,3,1,1.0
43,17,4,1,1.0
43,18,3,1,1.0
43,19,4,1,1.0
43,20,1,1,0.0
43,21,3,1,0.0
43,22,4,1,0.0
43,23,1,0,0.0
43,24,2,0,0.0
43,25,2,0,1.0
43,26,4,1,1.0
43,27,1,1,1.0
43,28,1,0,0.0
43,29,3,1,1.0
43,30,2,0,1.0
43,31,2,0,1.0
43,32,2,1,0.0
43,33,4,1,1.0
43,34,2,0,0.0
43,35,4,1,0.0
43,36,4,0,1.0
43,37,1,1,0.0
43,38,3,0,0.0
43,39,3,1,1.0
43,40,2,0,1.0
43,41,1,1,1.0
43,42,1,1,0.0
43,43,2,0,1.0
43,44,3,1,0.0
43,45,1,1,0.0
43,46,3,0,0.0
43,47,4,1,1.0
43,48,2,0,1.0
43,49,2,0,1.0
43,50,3,1,1.0
43,51,4,1,1.0
43,52,4,1,0.0
43,53,1,1,0.0
43,54,1,1,0.0
43,55,1,0,0.0
43,56,4,1,1.0
43,57,4,1,1.0
43,58,2,0,1.0
43,59,3,1,0.0
43,60,2,0,0.0
43,61,1,0,1.0
43,62,3,1,1.0
43,63,3,1,1.0
43,64,4,1,1.0
43,65,1,0,0.0
43,66,1,1,1.0
43,67,4,1,1.0
43,68,2,0,0.0
43,69,3,1,1.0
43,70,2,0,1.0
43,71,2,0,1.0
43,72,2,0,1.0
43,73,1,1,0.0
43,74,3,1,0.0
43,75,3,1,1.0
43,76,4,1,1.0
43,77,4,1,0.0
43,78,3,1,1.0
43,79,1,1,0.0
43,80,2,0,0.0
43,81,4,1,1.0
43,82,1,1,0.0
43,83,1,1,1.0
43,84,3,1,1.0
43,85,3,1,1.0
43,86,4,0,1.0
43,87,3,0,0.0
43,88,2,0,1.0
43,89,1,1,0.0
43,90,2,0,1.0
43,91,1,0,0.0
43,92,4,1,1.0
43,93,4,1,0.0
43,94,2,0,1.0
43,95,3,1,0.0
44,0,1,1,0.0
44,1,3,0,0.0
44,2,2,1,1.0
44,3,1,0,1.0
44,4,2,1,0.0
44,5,3,1,0.0
44,6,1,0,0.0
44,7,3,1,1.0
44,8,3,1,1.0
44,9,4,1,1.0
44,10,2,0,1.0
44,11,1,0,0.0
44,12,4,1,1.0
44,13,4,1,1.0
44,14,4,1,0.0
44,15,2,0,1.0
44,16,4,1,0.0
44,17,2,1,0.0
44,18,2,0,0.0
44,19,3,1,0.0
44,20,2,1,0.0
44,21,4,1,1.0
44,22,1,1,0.0
44,23,1,0,0.0
44,24,4,1,1.0
44,25,3,1,1.0
44,26,1,1,0.0
44,27,4,1,1.0
44,28,1,0,1.0
44,29,2,1,0.0
44,30,3,1,1.0
44,31,3,1,1.0
44,32,1,1,0.0
44,33,3,1,1.0
44,34,1,0,0.0
44,35,3,1,0.0
44,36,2,0,1.0
44,37,2,0,1.0
44,38,4,1,1.0
44,39,1,0,0.0
44,40,2,0,1.0
44,41,2,0,0.0
44,42,4,1,1.0
44,43,3,1,1.0
44,44,4,1,0.0
44,45,3,1,1.0
44,46,1,0,1.0
44,47,4,1,1.0
44,48,4,1,1.0
44,49,4,0,1.0
44,50,3,1,1.0
44,51,4,1,0.0
44,52,1,0,0.0
44,53,3,1,0.0
44,54,2,0,1.0
44,55,3,1,1.0
44,56,1,0,0.0
44,57,4,1,1.0
44,58,2,0,0.0
44,59,1,0,1.0
44,60,2,0,1.0
44,61,2,0,1.0
44,62,1,0,0.0
44,63,3,1,1.0
44,64,2,0,1.0
44,65,1,1,1.0
44,66,1,1,0.0
44,67,4,1,1.0
44,68,3,1,0.0
44,69,1,1,0.0
44,70,2,0,0.0
44,71,3,1,1.0
44,72,4,1,0.0
44,73,2,1,0.0
44,74,4,1,1.0
44,75,2,0,1.0
44,76,4,1,1.0
44,77,3,1,1.0
44,78,1,0,0.0
44,79,3,1,1.0
44,80,4,1,1.0
44,81,3,1,0.0
44,82,1,1,0.0
44,83,2,0,0.0
44,84,1,1,1.0
44,85,2,0,1.0
44,86,3,1,1.0
44,87,2,1,0.0
44,88,4,1,0.0
44,89,1,1,0.0
44,90,4,1,1.0
44,91,3,1,1.0
44,92,3,1,1.0
44,93,2,0,1.0
44,94,1,1,0.0
44,95,4,1,1.0
45,0,3,1,1.0
45,1,2,1,0.0
45,2,4,1,1.0
45,3,3,0,0.0
45,4,4,1,1.0
45,5,3,1,1.0
45,6,4,0,1.0
45,7,1,0,1.0
45,8,4,0,0.0
45,9,2,1,1.0
45,10,3,1,0.0
45,11,1,0,0.0
45,12,2,1,0.0
45,13,2,0,1.0
45,14,1,0,0.0
45,15,1,1,0.0
45,16,1,1,0.0
45,17,4,0,1.0
45,18,3,0,0.0
45,19,2,0,1.0
45,20,4,1,1.0
45,21,3,0,0.0
45,22,4,1,1.0
45,23,4,1,0.0
45,24,1,0,0.0
45,25,2,1,1.0
45,26,1,1,1.0
45,27,2,0,1.0
45,28,3,0,0.0
45,29,1,1,0.0
45,30,2,0,1.0
45,31,3,0,1.0
45,32,3,0,0.0
45,33,2,1,0.0
45,34,3,1,1.0
45,35,2,0,1.0
45,36,2,0,1.0
45,37,3,1,1.0
45,38,4,0,0.0
45,39,3,1,0.0
45,40,1,0,0.0
45,41,1,1,0.0
45,42,2,0,0.0
45,43,1,1,1.0
45,44,4,1,1.0
45,45,1,1,0.0
45,46,4,0,1.0
45,47,4,0,1.0
45,48,1,1,0.0
45,49,4,1,1.0
45,50,3,0,1.0
45,51,3,0,0.0
45,52,4,1,1.0
45,53,1,0,0.0
45,54,3,1,1.0
45,55,4,1,0.0
45,56,2,0,1.0
45,57,2,0,1.0
45,58,1,1,1.0
45,59,2,1,1.0
45,60,3,1,1.0
45,61,2,0,1.0
45,62,1,0,0.0
45,63,4,1,1.0
45,64,4,1,1.0
45,65,4,0,1.0
45,66,1,1,0.0
45,67,1,1,1.0
45,68,3,1,1.0
45,69,1,0,0.0
45,70,1,1,0.0
45,71,2,1,0.0
45,72,2,0,1.0
45,73,4,1,1.0
45,74,3,1,0.0
45,75,2,0,1.0
45,76,3,1,1.0
45,77,3,0,0.0
45,78,2,1,1.0
45,79,4,1,0.0
45,80,2,0,1.0
45,81,3,0,0.0
45,82,1,0,1.0
45,83,2,0,1.0
45,84,4,1,1.0
45,85,4,1,0.0
45,86,3,1,0.0
45,87,4,0,1.0
45,88,1,0,0.0
45,89,2,1,0.0
45,90,3,1,1.0
45,91,4,0,1.0
45,92,3,0,0.0
45,93,1,0,0.0
45,94,2,1,1.0
45,95,1,1,0.0
46,0,1,1,0.0
46,1,4,0,1.0
46,2,1,0,0.0
46,3,2,1,0.0
46,4,3,1,0.0
46,5,1,1,0.0
46,6,1,0,1.0
46,7,3,0,0.0
46,8,4,0,1.0
46,9,2,0,1.0
46,10,2,0,1.0
46,11,3,0,0.0
46,12,4,1,0.0
46,13,3,0,0.0
46,14,2,0,0.0
46,15,4,1,1.0
46,16,1,0,0.0
46,17,3,1,1.0
46,18,1,1,0.0
46,19,3,1,1.0
46,20,2,0,1.0
46,21,2,0,1.0
46,22,3,1,1.0
46,23,4,1,0.0
46,24,1,0,1.0
46,25,1,0,0.0
46,26,4,0,1.0
46,27,2,0,0.0
46,28,2,1,0.0
46,29,4,0,1.0
46,30,4,0,1.0
46,31,3,1,0.0
46,32,4,0,0.0
46,33,4,1,1.0
46,34,3,0,0.0
46,35,1,0,0.0
46,36,2,1,1.0
46,37,4,1,1.0
46,38,1,0,0.0
46,39,2,1,0.0
46,40,1,0,0.0
46,41,3,0,0.0
46,42,1,1,1.0
46,43,4,1,1.0
46,44,2,0,1.0
46,45,3,0,0.0
46,46,2,0,1.0
46,47,3,1,0.0
46,48,2,0,1.0
46,49,2,0,0.0
46,50,1,1,0.0
46,51,4,1,0.0
46,52,3,1,1.0
46,53,3,1,0.0
46,54,1,0,1.0
46,55,4,1,1.0
46,56,1,1,0.0
46,57,2,0,1.0
46,58,4,1,1.0
46,59,4,1,1.0
46,60,1,1,0.0
46,61,3,1,1.0
46,62,3,1,1.0
46,63,2,0,1.0
46,64,4,1,0.0
46,65,3,1,1.0
46,66,1,0,0.0
46,67,2,0,1.0
46,68,1,0,1.0
46,69,3,1,1.0
46,70,3,1,0.0
46,71,1,0,0.0
46,72,2,0,0.0
46,73,4,1,1.0
46,74,4,1,1.0
46,75,1,0,0.0
46,76,2,0,1.0
46,77,4,1,1.0
46,78,3,1,1.0
46,79,2,0,1.0
46,80,2,0,1.0
46,81,4,1,1.0
46,82,1,1,0.0
46,83,4,1,0.0
46,84,2,0,0.0
46,85,3,1,1.0
46,86,3,1,1.0
46,87,4,1,1.0
46,88,4,1,1.0
46,89,3,0,0.0
46,90,1,0,1.0
46,91,2,0,1.0
46,92,1,0,0.0
46,93,1,0,0.0
46,94,2,0,1.0
46,95,3,1,0.0
47,0,3,0,0.0
47,1,2,1,0.0
47,2,3,1,1.0
47,3,4,1,1.0
47,4,1,0,0.0
47,5,1,1,0.0
47,6,1,0,1.0
47,7,2,0,1.0
47,8,3,1,1.0
47,9,1,0,0.0
47,10,4,1,1.0
47,11,3,0,1.0
47,12,2,1,0.0
47,13,4,0,1.0
47,14,2,0,0.0
47,15,4,0,0.0
47,16,1,0,0.0
47,17,1,1,1.0
47,18,4,0,1.0
47,19,4,0,0.0
47,20,3,1,0.0
47,21,2,1,1.0
47,22,4,1,1.0
47,23,1,0,0.0
47,24,2,0,1.0
47,25,3,0,0.0
47,26,4,0,1.0
47,27,1,1,0.0
47,28,2,1,0.0
47,29,3,1,1.0
47,30,3,1,1.0
47,31,2,0,1.0
47,32,2,0,1.0
47,33,1,1,0.0
47,34,3,0,0.0
47,35,3,0,0.0
47,36,4,1,1.0
47,37,4,0,0.0
47,38,4,1,1.0
47,39,4,1,1.0
47,40,1,0,0.0
47,41,2,1,0.0
47,42,2,1,1.0
47,43,1,1,0.0
47,44,2,1,0.0
47,45,1,1,1.0
47,46,3,0,1.0
47,47,3,0,0.0
47,48,4,1,1.0
47,49,2,1,0.0
47,50,3,0,0.0
47,51,3,1,1.0
47,52,1,1,0.0
47,53,4,0,1.0
47,54,2,0,1.0
47,55,3,0,1.0
47,56,3,0,0.0
47,57,1,0,1.0
47,58,1,0,0.0
47,59,1,0,0.0
47,60,4,0,1.0
47,61,4,0,0.0
47,62,2,0,1.0
47,63,2,0,0.0
47,64,4,0,0.0
47,65,1,1,1.0
47,66,4,1,1.0
47,67,3,1,1.0
47,68,3,1,0.0
47,69,3,0,0.0
47,70,4,0,1.0
47,71,1,1,0.0
47,72,3,0,0.0
47,73,2,1,0.0
47,74,2,1,1.0
47,75,1,1,0.0
47,76,1,1,0.0
47,77,2,1,0.0
47,78,2,1,0.0
47,79,4,1,1.0
47,80,2,1,0.0
47,81,2,0,1.0
47,82,1,0,0.0
47,83,2,0,1.0
47,84,4,0,1.0
47,85,2,0,0.0
47,86,4,1,1.0
47,87,3,1,0.0
47,88,1,0,0.0
47,89,3,0,0.0
47,90,3,1,1.0
47,91,4,1,0.0
47,92,4,0,1.0
47,93,1,1,1.0
47,94,3,0,0.0
47,95,1,1,0.0
48,0,1,0,0.0
48,1,4,0,1.0
48,2,3,0,0.0
48,3,3,1,0.0
48,4,1,1,1.0
48,5,2,0,1.0
48,6,1,1,0.0
48,7,4,0,0.0
48,8,3,1,1.0
48,9,4,1,1.0
48,10,2,0,0.0
48,11,4,1,1.0
48,12,2,1,0.0
48,13,1,1,0.0
48,14,3,1,1.0
48,15,2,0,1.0
48,16,3,1,0.0
48,17,2,0,1.0
48,18,2,0,1.0
48,19,3,1,1.0
48,20,1,1,1.0
48,21,4,1,1.0
48,22,4,1,1.0
48,23,3,0,0.0
48,24,1,1,0.0
48,25,1,1,0.0
48,26,3,1,1.0
48,27,2,0,1.0
48,28,4,1,1.0
48,29,2,0,0.0
48,30,1,1,0.0
48,31,4,1,0.0
48,32,2,0,1.0
48,33,4,1,0.0
48,34,1,1,1.0
48,35,2,0,1.0
48,36,2,0,0.0
48,37,3,1,1.0
48,38,3,1,1.0
48,39,2,0,1.0
48,40,4,1,1.0
48,41,4,1,1.0
48,42,1,1,0.0
48,43,1,1,0.0
48,44,4,1,1.0
48,45,3,1,1.0
48,46,1,1,0.0
48,47,3,1,0.0
48,48,2,0,0.0
48,49,1,1,1.0
48,50,3,1,1.0
48,51,1,1,0.0
48,52,1,1,0.0
48,53,2,0,1.0
48,54,3,1,0.0
48,55,1,1,0.0
48,56,3,1,1.0
48,57,3,1,1.0
48,58,2,0,1.0
48,59,4,1,0.0
48,60,4,1,1.0
48,61,4,1,1.0
48,62,4,1,1.0
48,63,2,0,1.0
48,64,4,1,0.0
48,65,4,1,1.0
48,66,1,1,0.0
48,67,1,1,0.0
48,68,2,0,1.0
48,69,2,0,1.0
48,70,1,1,1.0
48,71,3,1,1.0
48,72,3,1,1.0
48,73,3,1,1.0
48,74,1,1,0.0
48,75,3,1,0.0
48,76,4,1,1.0
48,77,2,0,0.0
48,78,4,1,1.0
48,79,2,0,1.0
48,80,4,1,1.0
48,81,2,0,1.0
48,82,2,0,0.0
48,83,3,1,1.0
48,84,3,1,1.0
48,85,3,1,0.0
48,86,1,1,1.0
48,87,4,1,1.0
48,88,1,1,0.0
48,89,3,1,1.0
48,90,1,1,0.0
48,91,1,1,0.0
48,92,2,0,1.0
48,93,4,1,0.0
48,94,4,1,1.0
48,95,2,0,1.0
49,0,4,1,1.0
49,1,3,1,1.0
49,2,4,1,0.0
49,3,2,0,1.0
49,4,1,0,1.0
49,5,1,1,0.0
49,6,1,0,0.0
49,7,4,1,1.0
49,8,3,1,1.0
49,9,2,0,1.0
49,10,4,0,1.0
49,11,2,0,0.0
49,12,3,1,1.0
49,13,3,1,0.0
49,14,2,0,1.0
49,15,1,0,0.0
49,16,3,1,0.0
49,17,4,1,1.0
49,18,1,1,0.0
49,19,1,0,0.0
49,20,2,1,1.0
49,21,2,0,1.0
49,22,1,0,0.0
49,23,2,0,1.0
49,24,4,1,0.0
49,25,2,0,1.0
49,26,3,1,1.0
49,27,4,1,1.0
49,28,1,0,1.0
49,29,3,1,1.0
49,30,3,1,1.0
49,31,4,1,1.0
49,32,2,0,0.0
49,33,3,1,1.0
49,34,1,0,0.0
49,35,2,0,1.0
49,36,1,0,0.0
49,37,3,1,0.0
49,38,2,1,0.0
49,39,4,1,0.0
49,40,2,0,1.0
49,41,1,0,1.0
49,42,4,1,1.0
49,43,3,1,1.0
49,44,3,1,1.0
49,45,4,1,1.0
49,46,4,1,1.0
49,47,1,0,0.0
49,48,1,0,1.0
49,49,4,1,1.0
49,50,2,0,1.0
49,51,2,0,0.0
49,52,1,0,0.0
49,53,1,0,0.0
49,54,4,1,1.0
49,55,1,0,0.0
49,56,2,0,1.0
49,57,4,1,1.0
49,58,3,1,1.0
49,59,2,0,1.0
49,60,3,1,0.0
49,61,4,1,0.0
49,62,3,1,1.0
49,63,3,1,1.0
49,64,4,1,1.0
49,65,4,1,0.0
49,66,3,1,1.0
49,67,1,0,0.0
49,68,2,0,1.0
49,69,2,0,0.0
49,70,3,1,1.0
49,71,4,0,1.0
49,72,1,0,0.0
49,73,2,1,0.0
49,74,2,0,1.0
49,75,4,0,1.0
49,76,3,1,1.0
49,77,3,1,0.0
49,78,1,1,0.0
49,79,1,0,1.0
49,80,3,0,0.0
49,81,3,1,1.0
49,82,4,1,0.0
49,83,3,1,1.0
49,84,2,0,0.0
49,85,1,0,0.0
49,86,2,0,1.0
49,87,4,1,1.0
49,88,4,0,1.0
49,89,2,1,0.0
49,90,3,1,0.0
49,91,1,0,0.0
49,92,1,0,0.0
49,93,2,0,1.0
49,94,4,1,1.0
49,95,1,1,1.0
